#
# There is insufficient memory for the Java Runtime Environment to continue.
# Native memory allocation (mmap) failed to map 206569472 bytes. Error detail: G1 virtual space
# Possible reasons:
#   The system is out of physical RAM or swap space
#   This process is running with CompressedOops enabled, and the Java Heap may be blocking the growth of the native heap
# Possible solutions:
#   Reduce memory load on the system
#   Increase physical memory or swap space
#   Check if swap backing store is full
#   Decrease Java heap size (-Xmx/-Xms)
#   Decrease number of Java threads
#   Decrease Java thread stack sizes (-Xss)
#   Set larger code cache with -XX:ReservedCodeCacheSize=
#   JVM is running with Unscaled Compressed Oops mode in which the Java heap is
#     placed in the first 4GB address space. The Java Heap base address is the
#     maximum limit for the native heap growth. Please use -XX:HeapBaseMinAddress
#     to set the Java Heap base and to place the Java Heap above 4GB virtual address.
# This output file may be truncated or incomplete.
#
#  Out of Memory Error (os_windows.cpp:3714), pid=38476, tid=52652
#
# JRE version: OpenJDK Runtime Environment Temurin-21.0.10+7 (21.0.10+7) (build 21.0.10+7-LTS)
# Java VM: OpenJDK 64-Bit Server VM Temurin-21.0.10+7 (21.0.10+7-LTS, mixed mode, sharing, tiered, compressed oops, compressed class ptrs, g1 gc, windows-amd64)
# No core dump will be written. Minidumps are not enabled by default on client versions of Windows
#

---------------  S U M M A R Y ------------

Command Line: --add-opens=java.base/java.lang=ALL-UNNAMED --add-opens=java.base/java.lang.invoke=ALL-UNNAMED --add-opens=java.base/java.util=ALL-UNNAMED --add-opens=java.prefs/java.util.prefs=ALL-UNNAMED --add-exports=jdk.compiler/com.sun.tools.javac.api=ALL-UNNAMED --add-exports=jdk.compiler/com.sun.tools.javac.util=ALL-UNNAMED --add-opens=java.base/java.util=ALL-UNNAMED --add-opens=java.prefs/java.util.prefs=ALL-UNNAMED --add-opens=java.base/java.nio.charset=ALL-UNNAMED --add-opens=java.base/java.net=ALL-UNNAMED --add-opens=java.base/java.util.concurrent.atomic=ALL-UNNAMED --add-opens=java.xml/javax.xml.namespace=ALL-UNNAMED -Xmx2048m -Dfile.encoding=UTF-8 -Duser.country=SE -Duser.language=sv -Duser.variant -javaagent:C:\Users\MEAL0015\.gradle\wrapper\dists\gradle-8.13-bin\5xuhj0ry160q40clulazy9h7d\gradle-8.13\lib\agents\gradle-instrumentation-agent-8.13.jar org.gradle.launcher.daemon.bootstrap.GradleDaemon 8.13

Host: 11th Gen Intel(R) Core(TM) i5-1135G7 @ 2.40GHz, 8 cores, 7G,  Windows 11 , 64 bit Build 26100 (10.0.26100.7309)
Time: Sun Mar  1 01:22:50 2026 Paris, Madrid, normaltid elapsed time: 64.111535 seconds (0d 0h 1m 4s)

---------------  T H R E A D  ---------------

Current thread (0x000001daf094aeb0):  VMThread "VM Thread"          [id=52652, stack(0x000000233e700000,0x000000233e800000) (1024K)]

Stack: [0x000000233e700000,0x000000233e800000]
Native frames: (J=compiled Java code, j=interpreted, Vv=VM code, C=native code)
V  [jvm.dll+0x6d7a39]
V  [jvm.dll+0x8b4b26]
V  [jvm.dll+0x8b70de]
V  [jvm.dll+0x8b77c3]
V  [jvm.dll+0x284346]
V  [jvm.dll+0x6d4355]
V  [jvm.dll+0x6c808a]
V  [jvm.dll+0x35edb8]
V  [jvm.dll+0x3669f6]
V  [jvm.dll+0x3b7afe]
V  [jvm.dll+0x3b7da8]
V  [jvm.dll+0x332fbc]
V  [jvm.dll+0x333047]
V  [jvm.dll+0x376e1c]
V  [jvm.dll+0x3755be]
V  [jvm.dll+0x332701]
V  [jvm.dll+0x374c2a]
V  [jvm.dll+0x8bd4b0]
V  [jvm.dll+0x8be824]
V  [jvm.dll+0x8bed50]
V  [jvm.dll+0x8beff3]
V  [jvm.dll+0x85f59d]
V  [jvm.dll+0x6d626d]
C  [ucrtbase.dll+0x37b0]
C  [KERNEL32.DLL+0x2e8d7]
C  [ntdll.dll+0x8c53c]

VM_Operation (0x0000002341ffa5d0): G1CollectForAllocation, mode: safepoint, requested by thread 0x000001dafbf290e0


---------------  P R O C E S S  ---------------

Threads class SMR info:
_java_thread_list=0x000001dac5fc8ae0, length=55, elements={
0x000001dad92d16f0, 0x000001daf096d130, 0x000001daf096dc90, 0x000001daf0970700,
0x000001daf0971160, 0x000001daf0972d00, 0x000001daf0974100, 0x000001daf097f390,
0x000001daf097fe30, 0x000001daf0c332c0, 0x000001daf0dac760, 0x000001daf66d84c0,
0x000001daf6789f20, 0x000001daf6787070, 0x000001daf66a36b0, 0x000001daf66219b0,
0x000001daf67ca6d0, 0x000001daf67c8600, 0x000001daf67c8c90, 0x000001daf67c7f70,
0x000001daf67cad60, 0x000001daf67cb3f0, 0x000001daf67ca040, 0x000001daf67c99b0,
0x000001dafb73a260, 0x000001dafb73c330, 0x000001dafb73d050, 0x000001dafb73af80,
0x000001daf7fa56f0, 0x000001daf7fa6aa0, 0x000001daf7fa77c0, 0x000001daf7fa84e0,
0x000001daf7fab960, 0x000001daf7fa9890, 0x000001daf7fa8b70, 0x000001daf7fac680,
0x000001daf7fa9200, 0x000001daf7fa9f20, 0x000001dafa8ce650, 0x000001dafa8d1ad0,
0x000001dafa8cece0, 0x000001dafa8d0db0, 0x000001dafa8d27f0, 0x000001dafa8d2e80,
0x000001dafa8d0090, 0x000001dafa8d55e0, 0x000001dafbf2b1b0, 0x000001dafbf290e0,
0x000001dafbf2b840, 0x000001dafbf29770, 0x000001dafbf2bed0, 0x000001dafb73f120,
0x000001daf6eab1a0, 0x000001dafbcb47b0, 0x000001dafbcb5550
}

Java Threads: ( => current thread )
  0x000001dad92d16f0 JavaThread "main"                              [_thread_blocked, id=49148, stack(0x000000233e000000,0x000000233e100000) (1024K)]
  0x000001daf096d130 JavaThread "Reference Handler"          daemon [_thread_blocked, id=47340, stack(0x000000233e800000,0x000000233e900000) (1024K)]
  0x000001daf096dc90 JavaThread "Finalizer"                  daemon [_thread_blocked, id=4416, stack(0x000000233e900000,0x000000233ea00000) (1024K)]
  0x000001daf0970700 JavaThread "Signal Dispatcher"          daemon [_thread_blocked, id=59180, stack(0x000000233ea00000,0x000000233eb00000) (1024K)]
  0x000001daf0971160 JavaThread "Attach Listener"            daemon [_thread_blocked, id=37884, stack(0x000000233eb00000,0x000000233ec00000) (1024K)]
  0x000001daf0972d00 JavaThread "Service Thread"             daemon [_thread_blocked, id=44080, stack(0x000000233ec00000,0x000000233ed00000) (1024K)]
  0x000001daf0974100 JavaThread "Monitor Deflation Thread"   daemon [_thread_blocked, id=48860, stack(0x000000233ed00000,0x000000233ee00000) (1024K)]
  0x000001daf097f390 JavaThread "C2 CompilerThread0"         daemon [_thread_blocked, id=59940, stack(0x000000233ee00000,0x000000233ef00000) (1024K)]
  0x000001daf097fe30 JavaThread "C1 CompilerThread0"         daemon [_thread_blocked, id=28776, stack(0x000000233ef00000,0x000000233f000000) (1024K)]
  0x000001daf0c332c0 JavaThread "Common-Cleaner"             daemon [_thread_blocked, id=36044, stack(0x000000233f000000,0x000000233f100000) (1024K)]
  0x000001daf0dac760 JavaThread "Notification Thread"        daemon [_thread_blocked, id=16600, stack(0x000000233f100000,0x000000233f200000) (1024K)]
  0x000001daf66d84c0 JavaThread "Daemon health stats"               [_thread_blocked, id=34376, stack(0x000000233f800000,0x000000233f900000) (1024K)]
  0x000001daf6789f20 JavaThread "Incoming local TCP Connector on port 56746"        [_thread_in_native, id=25548, stack(0x000000233f900000,0x000000233fa00000) (1024K)]
  0x000001daf6787070 JavaThread "Daemon periodic checks"            [_thread_blocked, id=55044, stack(0x000000233fa00000,0x000000233fb00000) (1024K)]
  0x000001daf66a36b0 JavaThread "Daemon"                            [_thread_blocked, id=33284, stack(0x000000233fb00000,0x000000233fc00000) (1024K)]
  0x000001daf66219b0 JavaThread "Handler for socket connection from /127.0.0.1:56746 to /127.0.0.1:56747"        [_thread_in_native, id=27280, stack(0x000000233fc00000,0x000000233fd00000) (1024K)]
  0x000001daf67ca6d0 JavaThread "Cancel handler"                    [_thread_blocked, id=50024, stack(0x000000233fd00000,0x000000233fe00000) (1024K)]
  0x000001daf67c8600 JavaThread "Daemon worker"                     [_thread_blocked, id=56008, stack(0x000000233fe00000,0x000000233ff00000) (1024K)]
  0x000001daf67c8c90 JavaThread "Asynchronous log dispatcher for DefaultDaemonConnection: socket connection from /127.0.0.1:56746 to /127.0.0.1:56747"        [_thread_blocked, id=33584, stack(0x000000233ff00000,0x0000002340000000) (1024K)]
  0x000001daf67c7f70 JavaThread "Stdin handler"                     [_thread_blocked, id=43708, stack(0x0000002340000000,0x0000002340100000) (1024K)]
  0x000001daf67cad60 JavaThread "Daemon client event forwarder"        [_thread_blocked, id=22180, stack(0x0000002340100000,0x0000002340200000) (1024K)]
  0x000001daf67cb3f0 JavaThread "Cache worker for journal cache (C:\Users\MEAL0015\.gradle\caches\journal-1)"        [_thread_blocked, id=4020, stack(0x000000233f200000,0x000000233f300000) (1024K)]
  0x000001daf67ca040 JavaThread "File lock request listener"        [_thread_in_native, id=39536, stack(0x0000002340200000,0x0000002340300000) (1024K)]
  0x000001daf67c99b0 JavaThread "Cache worker for file hash cache (C:\Users\MEAL0015\.gradle\caches\8.13\fileHashes)"        [_thread_blocked, id=37752, stack(0x0000002340300000,0x0000002340400000) (1024K)]
  0x000001dafb73a260 JavaThread "Cache worker for file hash cache (C:\Users\MEAL0015\interactive-house\androidclient\.gradle\8.13\fileHashes)"        [_thread_blocked, id=40236, stack(0x0000002340900000,0x0000002340a00000) (1024K)]
  0x000001dafb73c330 JavaThread "Cache worker for Build Output Cleanup Cache (C:\Users\MEAL0015\interactive-house\androidclient\.gradle\buildOutputCleanup)"        [_thread_blocked, id=60588, stack(0x0000002340a00000,0x0000002340b00000) (1024K)]
  0x000001dafb73d050 JavaThread "File watcher server"        daemon [_thread_in_native, id=24132, stack(0x0000002340b00000,0x0000002340c00000) (1024K)]
  0x000001dafb73af80 JavaThread "File watcher consumer"      daemon [_thread_blocked, id=53828, stack(0x0000002340c00000,0x0000002340d00000) (1024K)]
  0x000001daf7fa56f0 JavaThread "Cache worker for checksums cache (C:\Users\MEAL0015\interactive-house\androidclient\.gradle\8.13\checksums)"        [_thread_blocked, id=40536, stack(0x0000002340500000,0x0000002340600000) (1024K)]
  0x000001daf7fa6aa0 JavaThread "Cache worker for file content cache (C:\Users\MEAL0015\.gradle\caches\8.13\fileContent)"        [_thread_blocked, id=39440, stack(0x0000002340d00000,0x0000002340e00000) (1024K)]
  0x000001daf7fa77c0 JavaThread "Cache worker for cache directory md-supplier (C:\Users\MEAL0015\.gradle\caches\8.13\md-supplier)"        [_thread_blocked, id=15812, stack(0x0000002340e00000,0x0000002340f00000) (1024K)]
  0x000001daf7fa84e0 JavaThread "Cache worker for cache directory md-rule (C:\Users\MEAL0015\.gradle\caches\8.13\md-rule)"        [_thread_blocked, id=42536, stack(0x0000002340f00000,0x0000002341000000) (1024K)]
  0x000001daf7fab960 JavaThread "Unconstrained build operations"        [_thread_blocked, id=17132, stack(0x0000002341000000,0x0000002341100000) (1024K)]
  0x000001daf7fa9890 JavaThread "Unconstrained build operations Thread 2"        [_thread_blocked, id=54280, stack(0x0000002341100000,0x0000002341200000) (1024K)]
  0x000001daf7fa8b70 JavaThread "Unconstrained build operations Thread 3"        [_thread_blocked, id=5740, stack(0x0000002341200000,0x0000002341300000) (1024K)]
  0x000001daf7fac680 JavaThread "Unconstrained build operations Thread 4"        [_thread_blocked, id=29348, stack(0x0000002341300000,0x0000002341400000) (1024K)]
  0x000001daf7fa9200 JavaThread "Unconstrained build operations Thread 5"        [_thread_blocked, id=4888, stack(0x0000002341400000,0x0000002341500000) (1024K)]
  0x000001daf7fa9f20 JavaThread "Unconstrained build operations Thread 6"        [_thread_blocked, id=46896, stack(0x0000002341500000,0x0000002341600000) (1024K)]
  0x000001dafa8ce650 JavaThread "Unconstrained build operations Thread 7"        [_thread_blocked, id=30024, stack(0x0000002341600000,0x0000002341700000) (1024K)]
  0x000001dafa8d1ad0 JavaThread "Unconstrained build operations Thread 8"        [_thread_blocked, id=56212, stack(0x0000002340400000,0x0000002340500000) (1024K)]
  0x000001dafa8cece0 JavaThread "Unconstrained build operations Thread 9"        [_thread_blocked, id=23456, stack(0x0000002341800000,0x0000002341900000) (1024K)]
  0x000001dafa8d0db0 JavaThread "Unconstrained build operations Thread 10"        [_thread_blocked, id=39092, stack(0x0000002341900000,0x0000002341a00000) (1024K)]
  0x000001dafa8d27f0 JavaThread "Unconstrained build operations Thread 11"        [_thread_blocked, id=56608, stack(0x0000002341a00000,0x0000002341b00000) (1024K)]
  0x000001dafa8d2e80 JavaThread "Unconstrained build operations Thread 12"        [_thread_blocked, id=30140, stack(0x0000002341b00000,0x0000002341c00000) (1024K)]
  0x000001dafa8d0090 JavaThread "Unconstrained build operations Thread 13"        [_thread_blocked, id=48976, stack(0x0000002341c00000,0x0000002341d00000) (1024K)]
  0x000001dafa8d55e0 JavaThread "Unconstrained build operations Thread 14"        [_thread_blocked, id=3172, stack(0x0000002341d00000,0x0000002341e00000) (1024K)]
  0x000001dafbf2b1b0 JavaThread "Unconstrained build operations Thread 15"        [_thread_blocked, id=16744, stack(0x0000002341e00000,0x0000002341f00000) (1024K)]
  0x000001dafbf290e0 JavaThread "Unconstrained build operations Thread 16"        [_thread_blocked, id=49572, stack(0x0000002341f00000,0x0000002342000000) (1024K)]
  0x000001dafbf2b840 JavaThread "Unconstrained build operations Thread 17"        [_thread_blocked, id=47280, stack(0x0000002342000000,0x0000002342100000) (1024K)]
  0x000001dafbf29770 JavaThread "Unconstrained build operations Thread 18"        [_thread_blocked, id=9232, stack(0x0000002342100000,0x0000002342200000) (1024K)]
  0x000001dafbf2bed0 JavaThread "Unconstrained build operations Thread 19"        [_thread_blocked, id=32364, stack(0x0000002342200000,0x0000002342300000) (1024K)]
  0x000001dafb73f120 JavaThread "Unconstrained build operations Thread 20"        [_thread_blocked, id=24220, stack(0x0000002342300000,0x0000002342400000) (1024K)]
  0x000001daf6eab1a0 JavaThread "Unconstrained build operations Thread 21"        [_thread_blocked, id=53312, stack(0x0000002342400000,0x0000002342500000) (1024K)]
  0x000001dafbcb47b0 JavaThread "C2 CompilerThread1"         daemon [_thread_blocked, id=56384, stack(0x0000002342500000,0x0000002342600000) (1024K)]
  0x000001dafbcb5550 JavaThread "C2 CompilerThread2"         daemon [_thread_blocked, id=35324, stack(0x0000002342600000,0x0000002342700000) (1024K)]
Total: 55

Other Threads:
=>0x000001daf094aeb0 VMThread "VM Thread"                           [id=52652, stack(0x000000233e700000,0x000000233e800000) (1024K)]
  0x000001daf0939d20 WatcherThread "VM Periodic Task Thread"        [id=42504, stack(0x000000233e600000,0x000000233e700000) (1024K)]
  0x000001dad932bb40 WorkerThread "GC Thread#0"                     [id=43348, stack(0x000000233e100000,0x000000233e200000) (1024K)]
  0x000001daf5100190 WorkerThread "GC Thread#1"                     [id=60780, stack(0x000000233f300000,0x000000233f400000) (1024K)]
  0x000001daf521b4f0 WorkerThread "GC Thread#2"                     [id=35920, stack(0x000000233f400000,0x000000233f500000) (1024K)]
  0x000001daf5cd18c0 WorkerThread "GC Thread#3"                     [id=23968, stack(0x000000233f500000,0x000000233f600000) (1024K)]
  0x000001daf5894b50 WorkerThread "GC Thread#4"                     [id=42996, stack(0x000000233f600000,0x000000233f700000) (1024K)]
  0x000001daf6555ef0 WorkerThread "GC Thread#5"                     [id=61236, stack(0x000000233f700000,0x000000233f800000) (1024K)]
  0x000001daf89e7860 WorkerThread "GC Thread#6"                     [id=58440, stack(0x0000002340600000,0x0000002340700000) (1024K)]
  0x000001daf89e8370 WorkerThread "GC Thread#7"                     [id=39928, stack(0x0000002340700000,0x0000002340800000) (1024K)]
  0x000001dad933ca40 ConcurrentGCThread "G1 Main Marker"            [id=37280, stack(0x000000233e200000,0x000000233e300000) (1024K)]
  0x000001dad933e2e0 WorkerThread "G1 Conc#0"                       [id=59420, stack(0x000000233e300000,0x000000233e400000) (1024K)]
  0x000001daf9caf870 WorkerThread "G1 Conc#1"                       [id=49528, stack(0x0000002340800000,0x0000002340900000) (1024K)]
  0x000001daf0805910 ConcurrentGCThread "G1 Refine#0"               [id=34924, stack(0x000000233e400000,0x000000233e500000) (1024K)]
  0x000001daf0806240 ConcurrentGCThread "G1 Service"                [id=55376, stack(0x000000233e500000,0x000000233e600000) (1024K)]
Total: 15

Threads with active compile tasks:
C2 CompilerThread0  64203 16952       4       org.objectweb.asm.ClassReader::readElementValue (1237 bytes)
C1 CompilerThread0  64203 16961 %     3       org.objectweb.asm.ClassReader::readCode @ 92 (5117 bytes)
C2 CompilerThread1  64203 16910       4       org.objectweb.asm.ClassReader::accept (1419 bytes)
C2 CompilerThread2  64204 16944       4       org.gradle.internal.classpath.InPlaceClasspathBuilder$ZipEntryBuilder::put (54 bytes)
Total: 4

VM state: at safepoint (normal execution)

VM Mutex/Monitor currently owned by a thread:  ([mutex/lock_event])
[0x00007ff8967de560] Threads_lock - owner thread: 0x000001daf094aeb0
[0x00007ff8967de660] Heap_lock - owner thread: 0x000001dafbf290e0

Heap address: 0x0000000080000000, size: 2048 MB, Compressed Oops mode: 32-bit

CDS archive(s) mapped at: [0x000001da80000000-0x000001da80ba0000-0x000001da80ba0000), size 12189696, SharedBaseAddress: 0x000001da80000000, ArchiveRelocationMode: 1.
Compressed class space mapped at: 0x000001da81000000-0x000001dac1000000, reserved size: 1073741824
Narrow klass base: 0x000001da80000000, Narrow klass shift: 0, Narrow klass range: 0x100000000

GC Precious Log:
 CardTable entry size: 512
 Card Set container configuration: InlinePtr #cards 5 size 8 Array Of Cards #cards 12 size 40 Howl #buckets 4 coarsen threshold 1843 Howl Bitmap #cards 512 size 80 coarsen threshold 460 Card regions per heap region 1 cards per card region 2048
 CPUs: 8 total, 8 available
 Memory: 7930M
 Large Page Support: Disabled
 NUMA Support: Disabled
 Compressed Oops: Enabled (32-bit)
 Heap Region Size: 1M
 Heap Min Capacity: 8M
 Heap Initial Capacity: 124M
 Heap Max Capacity: 2G
 Pre-touch: Disabled
 Parallel Workers: 8
 Concurrent Workers: 2
 Concurrent Refinement Workers: 8
 Periodic GC: Disabled

Heap:
 garbage-first heap   total 367616K, used 206416K [0x0000000080000000, 0x0000000100000000)
  region size 1024K, 5 young (5120K), 5 survivors (5120K)
 Metaspace       used 125206K, committed 127552K, reserved 1179648K
  class space    used 16359K, committed 17536K, reserved 1048576K

Heap Regions: E=young(eden), S=young(survivor), O=old, HS=humongous(starts), HC=humongous(continues), CS=collection set, F=free, TAMS=top-at-mark-start, PB=parsable bottom
|   0|0x0000000080000000, 0x0000000080100000, 0x0000000080100000|100%|HS|  |TAMS 0x0000000080000000| PB 0x0000000080000000| Complete 
|   1|0x0000000080100000, 0x0000000080200000, 0x0000000080200000|100%|HC|  |TAMS 0x0000000080100000| PB 0x0000000080100000| Complete 
|   2|0x0000000080200000, 0x0000000080300000, 0x0000000080300000|100%|HC|  |TAMS 0x0000000080200000| PB 0x0000000080200000| Complete 
|   3|0x0000000080300000, 0x0000000080400000, 0x0000000080400000|100%| O|  |TAMS 0x0000000080300000| PB 0x0000000080300000| Untracked 
|   4|0x0000000080400000, 0x0000000080500000, 0x0000000080500000|100%| O|  |TAMS 0x0000000080400000| PB 0x0000000080400000| Untracked 
|   5|0x0000000080500000, 0x0000000080600000, 0x0000000080600000|100%| O|  |TAMS 0x0000000080500000| PB 0x0000000080500000| Untracked 
|   6|0x0000000080600000, 0x0000000080700000, 0x0000000080700000|100%|HS|  |TAMS 0x0000000080600000| PB 0x0000000080600000| Complete 
|   7|0x0000000080700000, 0x0000000080800000, 0x0000000080800000|100%| O|  |TAMS 0x0000000080700000| PB 0x0000000080700000| Untracked 
|   8|0x0000000080800000, 0x0000000080900000, 0x0000000080900000|100%| O|  |TAMS 0x0000000080800000| PB 0x0000000080800000| Untracked 
|   9|0x0000000080900000, 0x0000000080a00000, 0x0000000080a00000|100%| O|  |TAMS 0x0000000080900000| PB 0x0000000080900000| Untracked 
|  10|0x0000000080a00000, 0x0000000080b00000, 0x0000000080b00000|100%| O|  |TAMS 0x0000000080a00000| PB 0x0000000080a00000| Untracked 
|  11|0x0000000080b00000, 0x0000000080c00000, 0x0000000080c00000|100%| O|  |TAMS 0x0000000080b00000| PB 0x0000000080b00000| Untracked 
|  12|0x0000000080c00000, 0x0000000080d00000, 0x0000000080d00000|100%| O|  |TAMS 0x0000000080c00000| PB 0x0000000080c00000| Untracked 
|  13|0x0000000080d00000, 0x0000000080e00000, 0x0000000080e00000|100%| O|  |TAMS 0x0000000080d00000| PB 0x0000000080d00000| Untracked 
|  14|0x0000000080e00000, 0x0000000080f00000, 0x0000000080f00000|100%| O|  |TAMS 0x0000000080e00000| PB 0x0000000080e00000| Untracked 
|  15|0x0000000080f00000, 0x0000000081000000, 0x0000000081000000|100%| O|  |TAMS 0x0000000080f00000| PB 0x0000000080f00000| Untracked 
|  16|0x0000000081000000, 0x0000000081100000, 0x0000000081100000|100%| O|  |TAMS 0x0000000081000000| PB 0x0000000081000000| Untracked 
|  17|0x0000000081100000, 0x0000000081200000, 0x0000000081200000|100%| O|  |TAMS 0x0000000081100000| PB 0x0000000081100000| Untracked 
|  18|0x0000000081200000, 0x0000000081300000, 0x0000000081300000|100%| O|  |TAMS 0x0000000081200000| PB 0x0000000081200000| Untracked 
|  19|0x0000000081300000, 0x0000000081400000, 0x0000000081400000|100%| O|  |TAMS 0x0000000081300000| PB 0x0000000081300000| Untracked 
|  20|0x0000000081400000, 0x0000000081500000, 0x0000000081500000|100%| O|  |TAMS 0x0000000081400000| PB 0x0000000081400000| Untracked 
|  21|0x0000000081500000, 0x0000000081600000, 0x0000000081600000|100%| O|  |TAMS 0x0000000081500000| PB 0x0000000081500000| Untracked 
|  22|0x0000000081600000, 0x0000000081700000, 0x0000000081700000|100%| O|  |TAMS 0x0000000081600000| PB 0x0000000081600000| Untracked 
|  23|0x0000000081700000, 0x0000000081800000, 0x0000000081800000|100%| O|  |TAMS 0x0000000081700000| PB 0x0000000081700000| Untracked 
|  24|0x0000000081800000, 0x0000000081900000, 0x0000000081900000|100%| O|  |TAMS 0x0000000081800000| PB 0x0000000081800000| Untracked 
|  25|0x0000000081900000, 0x0000000081a00000, 0x0000000081a00000|100%| O|  |TAMS 0x0000000081900000| PB 0x0000000081900000| Untracked 
|  26|0x0000000081a00000, 0x0000000081b00000, 0x0000000081b00000|100%| O|  |TAMS 0x0000000081a00000| PB 0x0000000081a00000| Untracked 
|  27|0x0000000081b00000, 0x0000000081c00000, 0x0000000081c00000|100%| O|  |TAMS 0x0000000081b00000| PB 0x0000000081b00000| Untracked 
|  28|0x0000000081c00000, 0x0000000081d00000, 0x0000000081d00000|100%| O|  |TAMS 0x0000000081c00000| PB 0x0000000081c00000| Untracked 
|  29|0x0000000081d00000, 0x0000000081e00000, 0x0000000081e00000|100%| O|  |TAMS 0x0000000081d00000| PB 0x0000000081d00000| Untracked 
|  30|0x0000000081e00000, 0x0000000081f00000, 0x0000000081f00000|100%| O|  |TAMS 0x0000000081e00000| PB 0x0000000081e00000| Untracked 
|  31|0x0000000081f00000, 0x0000000082000000, 0x0000000082000000|100%| O|  |TAMS 0x0000000081f00000| PB 0x0000000081f00000| Untracked 
|  32|0x0000000082000000, 0x0000000082100000, 0x0000000082100000|100%| O|  |TAMS 0x0000000082000000| PB 0x0000000082000000| Untracked 
|  33|0x0000000082100000, 0x0000000082200000, 0x0000000082200000|100%| O|  |TAMS 0x0000000082100000| PB 0x0000000082100000| Untracked 
|  34|0x0000000082200000, 0x0000000082300000, 0x0000000082300000|100%| O|  |TAMS 0x0000000082200000| PB 0x0000000082200000| Untracked 
|  35|0x0000000082300000, 0x0000000082400000, 0x0000000082400000|100%| O|  |TAMS 0x0000000082300000| PB 0x0000000082300000| Untracked 
|  36|0x0000000082400000, 0x0000000082500000, 0x0000000082500000|100%| O|  |TAMS 0x0000000082400000| PB 0x0000000082400000| Untracked 
|  37|0x0000000082500000, 0x0000000082600000, 0x0000000082600000|100%| O|  |TAMS 0x0000000082500000| PB 0x0000000082500000| Untracked 
|  38|0x0000000082600000, 0x0000000082700000, 0x0000000082700000|100%| O|  |TAMS 0x0000000082600000| PB 0x0000000082600000| Untracked 
|  39|0x0000000082700000, 0x0000000082800000, 0x0000000082800000|100%| O|  |TAMS 0x0000000082700000| PB 0x0000000082700000| Untracked 
|  40|0x0000000082800000, 0x0000000082900000, 0x0000000082900000|100%| O|  |TAMS 0x0000000082800000| PB 0x0000000082800000| Untracked 
|  41|0x0000000082900000, 0x0000000082a00000, 0x0000000082a00000|100%|HS|  |TAMS 0x0000000082900000| PB 0x0000000082900000| Complete 
|  42|0x0000000082a00000, 0x0000000082b00000, 0x0000000082b00000|100%| O|  |TAMS 0x0000000082a00000| PB 0x0000000082a00000| Untracked 
|  43|0x0000000082b00000, 0x0000000082c00000, 0x0000000082c00000|100%| O|  |TAMS 0x0000000082b00000| PB 0x0000000082b00000| Untracked 
|  44|0x0000000082c00000, 0x0000000082d00000, 0x0000000082d00000|100%| O|  |TAMS 0x0000000082c00000| PB 0x0000000082c00000| Untracked 
|  45|0x0000000082d00000, 0x0000000082e00000, 0x0000000082e00000|100%| O|  |TAMS 0x0000000082d00000| PB 0x0000000082d00000| Untracked 
|  46|0x0000000082e00000, 0x0000000082f00000, 0x0000000082f00000|100%| O|  |TAMS 0x0000000082e00000| PB 0x0000000082e00000| Untracked 
|  47|0x0000000082f00000, 0x0000000083000000, 0x0000000083000000|100%| O|  |TAMS 0x0000000082f00000| PB 0x0000000082f00000| Untracked 
|  48|0x0000000083000000, 0x0000000083100000, 0x0000000083100000|100%| O|  |TAMS 0x0000000083000000| PB 0x0000000083000000| Untracked 
|  49|0x0000000083100000, 0x0000000083200000, 0x0000000083200000|100%|HS|  |TAMS 0x0000000083100000| PB 0x0000000083100000| Complete 
|  50|0x0000000083200000, 0x0000000083300000, 0x0000000083300000|100%|HC|  |TAMS 0x0000000083200000| PB 0x0000000083200000| Complete 
|  51|0x0000000083300000, 0x0000000083400000, 0x0000000083400000|100%|HC|  |TAMS 0x0000000083300000| PB 0x0000000083300000| Complete 
|  52|0x0000000083400000, 0x0000000083500000, 0x0000000083500000|100%|HC|  |TAMS 0x0000000083400000| PB 0x0000000083400000| Complete 
|  53|0x0000000083500000, 0x0000000083600000, 0x0000000083600000|100%|HC|  |TAMS 0x0000000083500000| PB 0x0000000083500000| Complete 
|  54|0x0000000083600000, 0x0000000083700000, 0x0000000083700000|100%|HC|  |TAMS 0x0000000083600000| PB 0x0000000083600000| Complete 
|  55|0x0000000083700000, 0x0000000083800000, 0x0000000083800000|100%| O|  |TAMS 0x0000000083700000| PB 0x0000000083700000| Untracked 
|  56|0x0000000083800000, 0x0000000083900000, 0x0000000083900000|100%| O|  |TAMS 0x0000000083800000| PB 0x0000000083800000| Untracked 
|  57|0x0000000083900000, 0x0000000083a00000, 0x0000000083a00000|100%| O|  |TAMS 0x0000000083900000| PB 0x0000000083900000| Untracked 
|  58|0x0000000083a00000, 0x0000000083b00000, 0x0000000083b00000|100%| O|  |TAMS 0x0000000083a00000| PB 0x0000000083a00000| Untracked 
|  59|0x0000000083b00000, 0x0000000083c00000, 0x0000000083c00000|100%| O|  |TAMS 0x0000000083b00000| PB 0x0000000083b00000| Untracked 
|  60|0x0000000083c00000, 0x0000000083d00000, 0x0000000083d00000|100%| O|  |TAMS 0x0000000083c00000| PB 0x0000000083c00000| Untracked 
|  61|0x0000000083d00000, 0x0000000083e00000, 0x0000000083e00000|100%| O|  |TAMS 0x0000000083d00000| PB 0x0000000083d00000| Untracked 
|  62|0x0000000083e00000, 0x0000000083f00000, 0x0000000083f00000|100%| O|  |TAMS 0x0000000083e00000| PB 0x0000000083e00000| Untracked 
|  63|0x0000000083f00000, 0x0000000084000000, 0x0000000084000000|100%| O|  |TAMS 0x0000000083f00000| PB 0x0000000083f00000| Untracked 
|  64|0x0000000084000000, 0x0000000084100000, 0x0000000084100000|100%| O|  |TAMS 0x0000000084000000| PB 0x0000000084000000| Untracked 
|  65|0x0000000084100000, 0x0000000084200000, 0x0000000084200000|100%| O|  |TAMS 0x0000000084100000| PB 0x0000000084100000| Untracked 
|  66|0x0000000084200000, 0x0000000084300000, 0x0000000084300000|100%| O|  |TAMS 0x0000000084200000| PB 0x0000000084200000| Untracked 
|  67|0x0000000084300000, 0x0000000084400000, 0x0000000084400000|100%| O|  |TAMS 0x0000000084300000| PB 0x0000000084300000| Untracked 
|  68|0x0000000084400000, 0x0000000084500000, 0x0000000084500000|100%| O|  |TAMS 0x0000000084400000| PB 0x0000000084400000| Untracked 
|  69|0x0000000084500000, 0x0000000084600000, 0x0000000084600000|100%| O|  |TAMS 0x0000000084500000| PB 0x0000000084500000| Untracked 
|  70|0x0000000084600000, 0x0000000084700000, 0x0000000084700000|100%| O|  |TAMS 0x0000000084600000| PB 0x0000000084600000| Untracked 
|  71|0x0000000084700000, 0x0000000084800000, 0x0000000084800000|100%| O|  |TAMS 0x0000000084700000| PB 0x0000000084700000| Untracked 
|  72|0x0000000084800000, 0x0000000084900000, 0x0000000084900000|100%| O|  |TAMS 0x0000000084800000| PB 0x0000000084800000| Untracked 
|  73|0x0000000084900000, 0x0000000084a00000, 0x0000000084a00000|100%| O|  |TAMS 0x0000000084900000| PB 0x0000000084900000| Untracked 
|  74|0x0000000084a00000, 0x0000000084b00000, 0x0000000084b00000|100%| O|  |TAMS 0x0000000084a00000| PB 0x0000000084a00000| Untracked 
|  75|0x0000000084b00000, 0x0000000084c00000, 0x0000000084c00000|100%| O|  |TAMS 0x0000000084b00000| PB 0x0000000084b00000| Untracked 
|  76|0x0000000084c00000, 0x0000000084d00000, 0x0000000084d00000|100%| O|  |TAMS 0x0000000084c00000| PB 0x0000000084c00000| Untracked 
|  77|0x0000000084d00000, 0x0000000084e00000, 0x0000000084e00000|100%| O|  |TAMS 0x0000000084d00000| PB 0x0000000084d00000| Untracked 
|  78|0x0000000084e00000, 0x0000000084f00000, 0x0000000084f00000|100%| O|  |TAMS 0x0000000084e00000| PB 0x0000000084e00000| Untracked 
|  79|0x0000000084f00000, 0x0000000085000000, 0x0000000085000000|100%| O|  |TAMS 0x0000000084f00000| PB 0x0000000084f00000| Untracked 
|  80|0x0000000085000000, 0x0000000085100000, 0x0000000085100000|100%| O|  |TAMS 0x0000000085000000| PB 0x0000000085000000| Untracked 
|  81|0x0000000085100000, 0x0000000085200000, 0x0000000085200000|100%| O|  |TAMS 0x0000000085100000| PB 0x0000000085100000| Untracked 
|  82|0x0000000085200000, 0x0000000085300000, 0x0000000085300000|100%| O|  |TAMS 0x0000000085200000| PB 0x0000000085200000| Untracked 
|  83|0x0000000085300000, 0x0000000085400000, 0x0000000085400000|100%| O|  |TAMS 0x0000000085300000| PB 0x0000000085300000| Untracked 
|  84|0x0000000085400000, 0x0000000085500000, 0x0000000085500000|100%| O|  |TAMS 0x0000000085400000| PB 0x0000000085400000| Untracked 
|  85|0x0000000085500000, 0x0000000085600000, 0x0000000085600000|100%| O|  |TAMS 0x0000000085500000| PB 0x0000000085500000| Untracked 
|  86|0x0000000085600000, 0x0000000085700000, 0x0000000085700000|100%| O|  |TAMS 0x0000000085600000| PB 0x0000000085600000| Untracked 
|  87|0x0000000085700000, 0x0000000085800000, 0x0000000085800000|100%| O|  |TAMS 0x0000000085700000| PB 0x0000000085700000| Untracked 
|  88|0x0000000085800000, 0x0000000085900000, 0x0000000085900000|100%| O|  |TAMS 0x0000000085800000| PB 0x0000000085800000| Untracked 
|  89|0x0000000085900000, 0x0000000085a00000, 0x0000000085a00000|100%| O|  |TAMS 0x0000000085900000| PB 0x0000000085900000| Untracked 
|  90|0x0000000085a00000, 0x0000000085b00000, 0x0000000085b00000|100%| O|  |TAMS 0x0000000085a00000| PB 0x0000000085a00000| Untracked 
|  91|0x0000000085b00000, 0x0000000085c00000, 0x0000000085c00000|100%| O|  |TAMS 0x0000000085b00000| PB 0x0000000085b00000| Untracked 
|  92|0x0000000085c00000, 0x0000000085c00000, 0x0000000085d00000|  0%| F|  |TAMS 0x0000000085c00000| PB 0x0000000085c00000| Untracked 
|  93|0x0000000085d00000, 0x0000000085e00000, 0x0000000085e00000|100%| O|  |TAMS 0x0000000085d00000| PB 0x0000000085d00000| Untracked 
|  94|0x0000000085e00000, 0x0000000085f00000, 0x0000000085f00000|100%| O|  |TAMS 0x0000000085e00000| PB 0x0000000085e00000| Untracked 
|  95|0x0000000085f00000, 0x0000000086000000, 0x0000000086000000|100%| O|  |TAMS 0x0000000085f00000| PB 0x0000000085f00000| Untracked 
|  96|0x0000000086000000, 0x0000000086100000, 0x0000000086100000|100%| O|  |TAMS 0x0000000086000000| PB 0x0000000086000000| Untracked 
|  97|0x0000000086100000, 0x0000000086200000, 0x0000000086200000|100%| O|  |TAMS 0x0000000086100000| PB 0x0000000086100000| Untracked 
|  98|0x0000000086200000, 0x0000000086300000, 0x0000000086300000|100%| O|  |TAMS 0x0000000086200000| PB 0x0000000086200000| Untracked 
|  99|0x0000000086300000, 0x0000000086400000, 0x0000000086400000|100%| O|  |TAMS 0x0000000086300000| PB 0x0000000086300000| Untracked 
| 100|0x0000000086400000, 0x0000000086500000, 0x0000000086500000|100%| O|  |TAMS 0x0000000086400000| PB 0x0000000086400000| Untracked 
| 101|0x0000000086500000, 0x0000000086600000, 0x0000000086600000|100%|HS|  |TAMS 0x0000000086500000| PB 0x0000000086500000| Complete 
| 102|0x0000000086600000, 0x0000000086700000, 0x0000000086700000|100%|HS|  |TAMS 0x0000000086600000| PB 0x0000000086600000| Complete 
| 103|0x0000000086700000, 0x0000000086800000, 0x0000000086800000|100%|HS|  |TAMS 0x0000000086700000| PB 0x0000000086700000| Complete 
| 104|0x0000000086800000, 0x0000000086900000, 0x0000000086900000|100%| O|  |TAMS 0x0000000086800000| PB 0x0000000086800000| Untracked 
| 105|0x0000000086900000, 0x0000000086a00000, 0x0000000086a00000|100%| O|  |TAMS 0x0000000086900000| PB 0x0000000086900000| Untracked 
| 106|0x0000000086a00000, 0x0000000086b00000, 0x0000000086b00000|100%| O|  |TAMS 0x0000000086a00000| PB 0x0000000086a00000| Untracked 
| 107|0x0000000086b00000, 0x0000000086c00000, 0x0000000086c00000|100%| O|  |TAMS 0x0000000086b00000| PB 0x0000000086b00000| Untracked 
| 108|0x0000000086c00000, 0x0000000086d00000, 0x0000000086d00000|100%| O|  |TAMS 0x0000000086c00000| PB 0x0000000086c00000| Untracked 
| 109|0x0000000086d00000, 0x0000000086e00000, 0x0000000086e00000|100%| O|  |TAMS 0x0000000086d00000| PB 0x0000000086d00000| Untracked 
| 110|0x0000000086e00000, 0x0000000086f00000, 0x0000000086f00000|100%| O|  |TAMS 0x0000000086e00000| PB 0x0000000086e00000| Untracked 
| 111|0x0000000086f00000, 0x0000000087000000, 0x0000000087000000|100%|HS|  |TAMS 0x0000000086f00000| PB 0x0000000086f00000| Complete 
| 112|0x0000000087000000, 0x0000000087100000, 0x0000000087100000|100%| O|  |TAMS 0x0000000087000000| PB 0x0000000087000000| Untracked 
| 113|0x0000000087100000, 0x0000000087200000, 0x0000000087200000|100%| O|  |TAMS 0x0000000087100000| PB 0x0000000087100000| Untracked 
| 114|0x0000000087200000, 0x0000000087300000, 0x0000000087300000|100%| O|  |TAMS 0x0000000087200000| PB 0x0000000087200000| Untracked 
| 115|0x0000000087300000, 0x0000000087400000, 0x0000000087400000|100%| O|  |TAMS 0x0000000087300000| PB 0x0000000087300000| Untracked 
| 116|0x0000000087400000, 0x0000000087500000, 0x0000000087500000|100%| O|  |TAMS 0x0000000087400000| PB 0x0000000087400000| Untracked 
| 117|0x0000000087500000, 0x0000000087600000, 0x0000000087600000|100%| O|  |TAMS 0x0000000087500000| PB 0x0000000087500000| Untracked 
| 118|0x0000000087600000, 0x0000000087700000, 0x0000000087700000|100%| O|  |TAMS 0x0000000087600000| PB 0x0000000087600000| Untracked 
| 119|0x0000000087700000, 0x0000000087800000, 0x0000000087800000|100%| O|  |TAMS 0x0000000087700000| PB 0x0000000087700000| Untracked 
| 120|0x0000000087800000, 0x0000000087900000, 0x0000000087900000|100%| O|  |TAMS 0x0000000087800000| PB 0x0000000087800000| Untracked 
| 121|0x0000000087900000, 0x0000000087a00000, 0x0000000087a00000|100%| O|  |TAMS 0x0000000087900000| PB 0x0000000087900000| Untracked 
| 122|0x0000000087a00000, 0x0000000087b00000, 0x0000000087b00000|100%| O|  |TAMS 0x0000000087a00000| PB 0x0000000087a00000| Untracked 
| 123|0x0000000087b00000, 0x0000000087c00000, 0x0000000087c00000|100%| O|  |TAMS 0x0000000087b00000| PB 0x0000000087b00000| Untracked 
| 124|0x0000000087c00000, 0x0000000087d00000, 0x0000000087d00000|100%| O|  |TAMS 0x0000000087c00000| PB 0x0000000087c00000| Untracked 
| 125|0x0000000087d00000, 0x0000000087e00000, 0x0000000087e00000|100%| O|  |TAMS 0x0000000087d00000| PB 0x0000000087d00000| Untracked 
| 126|0x0000000087e00000, 0x0000000087f00000, 0x0000000087f00000|100%| O|  |TAMS 0x0000000087e00000| PB 0x0000000087e00000| Untracked 
| 127|0x0000000087f00000, 0x0000000088000000, 0x0000000088000000|100%| O|  |TAMS 0x0000000087f00000| PB 0x0000000087f00000| Untracked 
| 128|0x0000000088000000, 0x0000000088100000, 0x0000000088100000|100%| O|  |TAMS 0x0000000088000000| PB 0x0000000088000000| Untracked 
| 129|0x0000000088100000, 0x0000000088200000, 0x0000000088200000|100%| O|  |TAMS 0x0000000088100000| PB 0x0000000088100000| Untracked 
| 130|0x0000000088200000, 0x0000000088300000, 0x0000000088300000|100%| O|  |TAMS 0x0000000088200000| PB 0x0000000088200000| Untracked 
| 131|0x0000000088300000, 0x0000000088400000, 0x0000000088400000|100%| O|  |TAMS 0x0000000088300000| PB 0x0000000088300000| Untracked 
| 132|0x0000000088400000, 0x0000000088500000, 0x0000000088500000|100%| O|  |TAMS 0x0000000088400000| PB 0x0000000088400000| Untracked 
| 133|0x0000000088500000, 0x0000000088600000, 0x0000000088600000|100%| O|  |TAMS 0x0000000088500000| PB 0x0000000088500000| Untracked 
| 134|0x0000000088600000, 0x0000000088700000, 0x0000000088700000|100%| O|  |TAMS 0x0000000088600000| PB 0x0000000088600000| Untracked 
| 135|0x0000000088700000, 0x0000000088800000, 0x0000000088800000|100%| O|  |TAMS 0x0000000088700000| PB 0x0000000088700000| Untracked 
| 136|0x0000000088800000, 0x0000000088900000, 0x0000000088900000|100%| O|  |TAMS 0x0000000088800000| PB 0x0000000088800000| Untracked 
| 137|0x0000000088900000, 0x0000000088a00000, 0x0000000088a00000|100%| O|  |TAMS 0x0000000088900000| PB 0x0000000088900000| Untracked 
| 138|0x0000000088a00000, 0x0000000088b00000, 0x0000000088b00000|100%| O|  |TAMS 0x0000000088a00000| PB 0x0000000088a00000| Untracked 
| 139|0x0000000088b00000, 0x0000000088c00000, 0x0000000088c00000|100%| O|  |TAMS 0x0000000088b00000| PB 0x0000000088b00000| Untracked 
| 140|0x0000000088c00000, 0x0000000088c00000, 0x0000000088d00000|  0%| F|  |TAMS 0x0000000088c00000| PB 0x0000000088c00000| Untracked 
| 141|0x0000000088d00000, 0x0000000088e00000, 0x0000000088e00000|100%| O|  |TAMS 0x0000000088d00000| PB 0x0000000088d00000| Untracked 
| 142|0x0000000088e00000, 0x0000000088f00000, 0x0000000088f00000|100%| O|  |TAMS 0x0000000088e00000| PB 0x0000000088e00000| Untracked 
| 143|0x0000000088f00000, 0x0000000088f00000, 0x0000000089000000|  0%| F|  |TAMS 0x0000000088f00000| PB 0x0000000088f00000| Untracked 
| 144|0x0000000089000000, 0x0000000089100000, 0x0000000089100000|100%| O|  |TAMS 0x0000000089000000| PB 0x0000000089000000| Untracked 
| 145|0x0000000089100000, 0x0000000089100000, 0x0000000089200000|  0%| F|  |TAMS 0x0000000089100000| PB 0x0000000089100000| Untracked 
| 146|0x0000000089200000, 0x0000000089200000, 0x0000000089300000|  0%| F|  |TAMS 0x0000000089200000| PB 0x0000000089200000| Untracked 
| 147|0x0000000089300000, 0x0000000089300000, 0x0000000089400000|  0%| F|  |TAMS 0x0000000089300000| PB 0x0000000089300000| Untracked 
| 148|0x0000000089400000, 0x0000000089500000, 0x0000000089500000|100%|HS|  |TAMS 0x0000000089400000| PB 0x0000000089400000| Complete 
| 149|0x0000000089500000, 0x0000000089600000, 0x0000000089600000|100%|HC|  |TAMS 0x0000000089500000| PB 0x0000000089500000| Complete 
| 150|0x0000000089600000, 0x0000000089700000, 0x0000000089700000|100%|HS|  |TAMS 0x0000000089600000| PB 0x0000000089600000| Complete 
| 151|0x0000000089700000, 0x0000000089700000, 0x0000000089800000|  0%| F|  |TAMS 0x0000000089700000| PB 0x0000000089700000| Untracked 
| 152|0x0000000089800000, 0x0000000089900000, 0x0000000089900000|100%| O|  |TAMS 0x0000000089800000| PB 0x0000000089800000| Untracked 
| 153|0x0000000089900000, 0x0000000089a00000, 0x0000000089a00000|100%| O|  |TAMS 0x0000000089900000| PB 0x0000000089900000| Untracked 
| 154|0x0000000089a00000, 0x0000000089b00000, 0x0000000089b00000|100%| O|  |TAMS 0x0000000089a00000| PB 0x0000000089a00000| Untracked 
| 155|0x0000000089b00000, 0x0000000089c00000, 0x0000000089c00000|100%| O|  |TAMS 0x0000000089b00000| PB 0x0000000089b00000| Untracked 
| 156|0x0000000089c00000, 0x0000000089d00000, 0x0000000089d00000|100%| O|  |TAMS 0x0000000089c00000| PB 0x0000000089c00000| Untracked 
| 157|0x0000000089d00000, 0x0000000089d00000, 0x0000000089e00000|  0%| F|  |TAMS 0x0000000089d00000| PB 0x0000000089d00000| Untracked 
| 158|0x0000000089e00000, 0x0000000089f00000, 0x0000000089f00000|100%| O|  |TAMS 0x0000000089e00000| PB 0x0000000089e00000| Untracked 
| 159|0x0000000089f00000, 0x000000008a000000, 0x000000008a000000|100%| O|  |TAMS 0x0000000089f00000| PB 0x0000000089f00000| Untracked 
| 160|0x000000008a000000, 0x000000008a100000, 0x000000008a100000|100%| O|  |TAMS 0x000000008a000000| PB 0x000000008a000000| Untracked 
| 161|0x000000008a100000, 0x000000008a200000, 0x000000008a200000|100%| O|  |TAMS 0x000000008a100000| PB 0x000000008a100000| Untracked 
| 162|0x000000008a200000, 0x000000008a300000, 0x000000008a300000|100%| O|  |TAMS 0x000000008a200000| PB 0x000000008a200000| Untracked 
| 163|0x000000008a300000, 0x000000008a400000, 0x000000008a400000|100%| O|  |TAMS 0x000000008a300000| PB 0x000000008a300000| Untracked 
| 164|0x000000008a400000, 0x000000008a500000, 0x000000008a500000|100%| O|  |TAMS 0x000000008a400000| PB 0x000000008a400000| Untracked 
| 165|0x000000008a500000, 0x000000008a600000, 0x000000008a600000|100%| O|  |TAMS 0x000000008a500000| PB 0x000000008a500000| Untracked 
| 166|0x000000008a600000, 0x000000008a700000, 0x000000008a700000|100%| O|  |TAMS 0x000000008a600000| PB 0x000000008a600000| Untracked 
| 167|0x000000008a700000, 0x000000008a800000, 0x000000008a800000|100%| O|  |TAMS 0x000000008a700000| PB 0x000000008a700000| Untracked 
| 168|0x000000008a800000, 0x000000008a900000, 0x000000008a900000|100%| O|  |TAMS 0x000000008a800000| PB 0x000000008a800000| Untracked 
| 169|0x000000008a900000, 0x000000008a900000, 0x000000008aa00000|  0%| F|  |TAMS 0x000000008a900000| PB 0x000000008a900000| Untracked 
| 170|0x000000008aa00000, 0x000000008aa00000, 0x000000008ab00000|  0%| F|  |TAMS 0x000000008aa00000| PB 0x000000008aa00000| Untracked 
| 171|0x000000008ab00000, 0x000000008ab00000, 0x000000008ac00000|  0%| F|  |TAMS 0x000000008ab00000| PB 0x000000008ab00000| Untracked 
| 172|0x000000008ac00000, 0x000000008ac00000, 0x000000008ad00000|  0%| F|  |TAMS 0x000000008ac00000| PB 0x000000008ac00000| Untracked 
| 173|0x000000008ad00000, 0x000000008ad00000, 0x000000008ae00000|  0%| F|  |TAMS 0x000000008ad00000| PB 0x000000008ad00000| Untracked 
| 174|0x000000008ae00000, 0x000000008ae00000, 0x000000008af00000|  0%| F|  |TAMS 0x000000008ae00000| PB 0x000000008ae00000| Untracked 
| 175|0x000000008af00000, 0x000000008af00000, 0x000000008b000000|  0%| F|  |TAMS 0x000000008af00000| PB 0x000000008af00000| Untracked 
| 176|0x000000008b000000, 0x000000008b000000, 0x000000008b100000|  0%| F|  |TAMS 0x000000008b000000| PB 0x000000008b000000| Untracked 
| 177|0x000000008b100000, 0x000000008b100000, 0x000000008b200000|  0%| F|  |TAMS 0x000000008b100000| PB 0x000000008b100000| Untracked 
| 178|0x000000008b200000, 0x000000008b200000, 0x000000008b300000|  0%| F|  |TAMS 0x000000008b200000| PB 0x000000008b200000| Untracked 
| 179|0x000000008b300000, 0x000000008b300000, 0x000000008b400000|  0%| F|  |TAMS 0x000000008b300000| PB 0x000000008b300000| Untracked 
| 180|0x000000008b400000, 0x000000008b400000, 0x000000008b500000|  0%| F|  |TAMS 0x000000008b400000| PB 0x000000008b400000| Untracked 
| 181|0x000000008b500000, 0x000000008b500000, 0x000000008b600000|  0%| F|  |TAMS 0x000000008b500000| PB 0x000000008b500000| Untracked 
| 182|0x000000008b600000, 0x000000008b600000, 0x000000008b700000|  0%| F|  |TAMS 0x000000008b600000| PB 0x000000008b600000| Untracked 
| 183|0x000000008b700000, 0x000000008b700000, 0x000000008b800000|  0%| F|  |TAMS 0x000000008b700000| PB 0x000000008b700000| Untracked 
| 184|0x000000008b800000, 0x000000008b900000, 0x000000008b900000|100%|HS|  |TAMS 0x000000008b800000| PB 0x000000008b800000| Complete 
| 185|0x000000008b900000, 0x000000008ba00000, 0x000000008ba00000|100%|HC|  |TAMS 0x000000008b900000| PB 0x000000008b900000| Complete 
| 186|0x000000008ba00000, 0x000000008bb00000, 0x000000008bb00000|100%|HC|  |TAMS 0x000000008ba00000| PB 0x000000008ba00000| Complete 
| 187|0x000000008bb00000, 0x000000008bc00000, 0x000000008bc00000|100%| O|  |TAMS 0x000000008bb00000| PB 0x000000008bb00000| Untracked 
| 188|0x000000008bc00000, 0x000000008bd00000, 0x000000008bd00000|100%| O|  |TAMS 0x000000008bc00000| PB 0x000000008bc00000| Untracked 
| 189|0x000000008bd00000, 0x000000008be00000, 0x000000008be00000|100%| O|  |TAMS 0x000000008bd00000| PB 0x000000008bd00000| Untracked 
| 190|0x000000008be00000, 0x000000008bf00000, 0x000000008bf00000|100%| O|  |TAMS 0x000000008be00000| PB 0x000000008be00000| Untracked 
| 191|0x000000008bf00000, 0x000000008c000000, 0x000000008c000000|100%| O|  |TAMS 0x000000008bf00000| PB 0x000000008bf00000| Untracked 
| 192|0x000000008c000000, 0x000000008c100000, 0x000000008c100000|100%| O|  |TAMS 0x000000008c000000| PB 0x000000008c000000| Untracked 
| 193|0x000000008c100000, 0x000000008c200000, 0x000000008c200000|100%| O|  |TAMS 0x000000008c100000| PB 0x000000008c100000| Untracked 
| 194|0x000000008c200000, 0x000000008c300000, 0x000000008c300000|100%| O|  |TAMS 0x000000008c200000| PB 0x000000008c200000| Untracked 
| 195|0x000000008c300000, 0x000000008c400000, 0x000000008c400000|100%| O|  |TAMS 0x000000008c300000| PB 0x000000008c300000| Untracked 
| 196|0x000000008c400000, 0x000000008c500000, 0x000000008c500000|100%| O|  |TAMS 0x000000008c400000| PB 0x000000008c400000| Untracked 
| 197|0x000000008c500000, 0x000000008c600000, 0x000000008c600000|100%| O|  |TAMS 0x000000008c500000| PB 0x000000008c500000| Untracked 
| 198|0x000000008c600000, 0x000000008c700000, 0x000000008c700000|100%| O|  |TAMS 0x000000008c600000| PB 0x000000008c600000| Untracked 
| 199|0x000000008c700000, 0x000000008c800000, 0x000000008c800000|100%| O|  |TAMS 0x000000008c700000| PB 0x000000008c700000| Untracked 
| 200|0x000000008c800000, 0x000000008c900000, 0x000000008c900000|100%| O|  |TAMS 0x000000008c800000| PB 0x000000008c800000| Untracked 
| 201|0x000000008c900000, 0x000000008ca00000, 0x000000008ca00000|100%| O|  |TAMS 0x000000008c900000| PB 0x000000008c900000| Untracked 
| 202|0x000000008ca00000, 0x000000008cb00000, 0x000000008cb00000|100%| O|  |TAMS 0x000000008ca00000| PB 0x000000008ca00000| Untracked 
| 203|0x000000008cb00000, 0x000000008cb3f5a8, 0x000000008cc00000| 24%| O|  |TAMS 0x000000008cb00000| PB 0x000000008cb00000| Untracked 
| 204|0x000000008cc00000, 0x000000008cc00000, 0x000000008cd00000|  0%| F|  |TAMS 0x000000008cc00000| PB 0x000000008cc00000| Untracked 
| 205|0x000000008cd00000, 0x000000008cd00000, 0x000000008ce00000|  0%| F|  |TAMS 0x000000008cd00000| PB 0x000000008cd00000| Untracked 
| 206|0x000000008ce00000, 0x000000008ce00000, 0x000000008cf00000|  0%| F|  |TAMS 0x000000008ce00000| PB 0x000000008ce00000| Untracked 
| 207|0x000000008cf00000, 0x000000008cf00000, 0x000000008d000000|  0%| F|  |TAMS 0x000000008cf00000| PB 0x000000008cf00000| Untracked 
| 208|0x000000008d000000, 0x000000008d000000, 0x000000008d100000|  0%| F|  |TAMS 0x000000008d000000| PB 0x000000008d000000| Untracked 
| 209|0x000000008d100000, 0x000000008d100000, 0x000000008d200000|  0%| F|  |TAMS 0x000000008d100000| PB 0x000000008d100000| Untracked 
| 210|0x000000008d200000, 0x000000008d254b98, 0x000000008d300000| 33%| S|CS|TAMS 0x000000008d200000| PB 0x000000008d200000| Complete 
| 211|0x000000008d300000, 0x000000008d400000, 0x000000008d400000|100%| S|CS|TAMS 0x000000008d300000| PB 0x000000008d300000| Complete 
| 212|0x000000008d400000, 0x000000008d500000, 0x000000008d500000|100%| S|CS|TAMS 0x000000008d400000| PB 0x000000008d400000| Complete 
| 213|0x000000008d500000, 0x000000008d600000, 0x000000008d600000|100%| S|CS|TAMS 0x000000008d500000| PB 0x000000008d500000| Complete 
| 214|0x000000008d600000, 0x000000008d700000, 0x000000008d700000|100%| S|CS|TAMS 0x000000008d600000| PB 0x000000008d600000| Complete 
| 215|0x000000008d700000, 0x000000008d700000, 0x000000008d800000|  0%| F|  |TAMS 0x000000008d700000| PB 0x000000008d700000| Untracked 
| 216|0x000000008d800000, 0x000000008d800000, 0x000000008d900000|  0%| F|  |TAMS 0x000000008d800000| PB 0x000000008d800000| Untracked 
| 217|0x000000008d900000, 0x000000008d900000, 0x000000008da00000|  0%| F|  |TAMS 0x000000008d900000| PB 0x000000008d900000| Untracked 
| 218|0x000000008da00000, 0x000000008da00000, 0x000000008db00000|  0%| F|  |TAMS 0x000000008da00000| PB 0x000000008da00000| Untracked 
| 219|0x000000008db00000, 0x000000008db00000, 0x000000008dc00000|  0%| F|  |TAMS 0x000000008db00000| PB 0x000000008db00000| Untracked 
| 220|0x000000008dc00000, 0x000000008dc00000, 0x000000008dd00000|  0%| F|  |TAMS 0x000000008dc00000| PB 0x000000008dc00000| Untracked 
| 221|0x000000008dd00000, 0x000000008dd00000, 0x000000008de00000|  0%| F|  |TAMS 0x000000008dd00000| PB 0x000000008dd00000| Untracked 
| 222|0x000000008de00000, 0x000000008de00000, 0x000000008df00000|  0%| F|  |TAMS 0x000000008de00000| PB 0x000000008de00000| Untracked 
| 223|0x000000008df00000, 0x000000008df00000, 0x000000008e000000|  0%| F|  |TAMS 0x000000008df00000| PB 0x000000008df00000| Untracked 
| 224|0x000000008e000000, 0x000000008e000000, 0x000000008e100000|  0%| F|  |TAMS 0x000000008e000000| PB 0x000000008e000000| Untracked 
| 225|0x000000008e100000, 0x000000008e100000, 0x000000008e200000|  0%| F|  |TAMS 0x000000008e100000| PB 0x000000008e100000| Untracked 
| 226|0x000000008e200000, 0x000000008e200000, 0x000000008e300000|  0%| F|  |TAMS 0x000000008e200000| PB 0x000000008e200000| Untracked 
| 227|0x000000008e300000, 0x000000008e300000, 0x000000008e400000|  0%| F|  |TAMS 0x000000008e300000| PB 0x000000008e300000| Untracked 
| 228|0x000000008e400000, 0x000000008e400000, 0x000000008e500000|  0%| F|  |TAMS 0x000000008e400000| PB 0x000000008e400000| Untracked 
| 229|0x000000008e500000, 0x000000008e500000, 0x000000008e600000|  0%| F|  |TAMS 0x000000008e500000| PB 0x000000008e500000| Untracked 
| 230|0x000000008e600000, 0x000000008e600000, 0x000000008e700000|  0%| F|  |TAMS 0x000000008e600000| PB 0x000000008e600000| Untracked 
| 231|0x000000008e700000, 0x000000008e700000, 0x000000008e800000|  0%| F|  |TAMS 0x000000008e700000| PB 0x000000008e700000| Untracked 
| 232|0x000000008e800000, 0x000000008e800000, 0x000000008e900000|  0%| F|  |TAMS 0x000000008e800000| PB 0x000000008e800000| Untracked 
| 233|0x000000008e900000, 0x000000008e900000, 0x000000008ea00000|  0%| F|  |TAMS 0x000000008e900000| PB 0x000000008e900000| Untracked 
| 234|0x000000008ea00000, 0x000000008ea00000, 0x000000008eb00000|  0%| F|  |TAMS 0x000000008ea00000| PB 0x000000008ea00000| Untracked 
| 235|0x000000008eb00000, 0x000000008eb00000, 0x000000008ec00000|  0%| F|  |TAMS 0x000000008eb00000| PB 0x000000008eb00000| Untracked 
| 236|0x000000008ec00000, 0x000000008ec00000, 0x000000008ed00000|  0%| F|  |TAMS 0x000000008ec00000| PB 0x000000008ec00000| Untracked 
| 237|0x000000008ed00000, 0x000000008ed00000, 0x000000008ee00000|  0%| F|  |TAMS 0x000000008ed00000| PB 0x000000008ed00000| Untracked 
| 238|0x000000008ee00000, 0x000000008ee00000, 0x000000008ef00000|  0%| F|  |TAMS 0x000000008ee00000| PB 0x000000008ee00000| Untracked 
| 239|0x000000008ef00000, 0x000000008ef00000, 0x000000008f000000|  0%| F|  |TAMS 0x000000008ef00000| PB 0x000000008ef00000| Untracked 
| 240|0x000000008f000000, 0x000000008f000000, 0x000000008f100000|  0%| F|  |TAMS 0x000000008f000000| PB 0x000000008f000000| Untracked 
| 241|0x000000008f100000, 0x000000008f100000, 0x000000008f200000|  0%| F|  |TAMS 0x000000008f100000| PB 0x000000008f100000| Untracked 
| 242|0x000000008f200000, 0x000000008f200000, 0x000000008f300000|  0%| F|  |TAMS 0x000000008f200000| PB 0x000000008f200000| Untracked 
| 243|0x000000008f300000, 0x000000008f300000, 0x000000008f400000|  0%| F|  |TAMS 0x000000008f300000| PB 0x000000008f300000| Untracked 
| 244|0x000000008f400000, 0x000000008f400000, 0x000000008f500000|  0%| F|  |TAMS 0x000000008f400000| PB 0x000000008f400000| Untracked 
| 245|0x000000008f500000, 0x000000008f500000, 0x000000008f600000|  0%| F|  |TAMS 0x000000008f500000| PB 0x000000008f500000| Untracked 
| 246|0x000000008f600000, 0x000000008f600000, 0x000000008f700000|  0%| F|  |TAMS 0x000000008f600000| PB 0x000000008f600000| Untracked 
| 247|0x000000008f700000, 0x000000008f700000, 0x000000008f800000|  0%| F|  |TAMS 0x000000008f700000| PB 0x000000008f700000| Untracked 
| 248|0x000000008f800000, 0x000000008f800000, 0x000000008f900000|  0%| F|  |TAMS 0x000000008f800000| PB 0x000000008f800000| Untracked 
| 249|0x000000008f900000, 0x000000008f900000, 0x000000008fa00000|  0%| F|  |TAMS 0x000000008f900000| PB 0x000000008f900000| Untracked 
| 250|0x000000008fa00000, 0x000000008fa00000, 0x000000008fb00000|  0%| F|  |TAMS 0x000000008fa00000| PB 0x000000008fa00000| Untracked 
| 251|0x000000008fb00000, 0x000000008fb00000, 0x000000008fc00000|  0%| F|  |TAMS 0x000000008fb00000| PB 0x000000008fb00000| Untracked 
| 252|0x000000008fc00000, 0x000000008fc00000, 0x000000008fd00000|  0%| F|  |TAMS 0x000000008fc00000| PB 0x000000008fc00000| Untracked 
| 253|0x000000008fd00000, 0x000000008fd00000, 0x000000008fe00000|  0%| F|  |TAMS 0x000000008fd00000| PB 0x000000008fd00000| Untracked 
| 254|0x000000008fe00000, 0x000000008fe00000, 0x000000008ff00000|  0%| F|  |TAMS 0x000000008fe00000| PB 0x000000008fe00000| Untracked 
| 255|0x000000008ff00000, 0x000000008ff00000, 0x0000000090000000|  0%| F|  |TAMS 0x000000008ff00000| PB 0x000000008ff00000| Untracked 
| 256|0x0000000090000000, 0x0000000090000000, 0x0000000090100000|  0%| F|  |TAMS 0x0000000090000000| PB 0x0000000090000000| Untracked 
| 257|0x0000000090100000, 0x0000000090100000, 0x0000000090200000|  0%| F|  |TAMS 0x0000000090100000| PB 0x0000000090100000| Untracked 
| 258|0x0000000090200000, 0x0000000090200000, 0x0000000090300000|  0%| F|  |TAMS 0x0000000090200000| PB 0x0000000090200000| Untracked 
| 259|0x0000000090300000, 0x0000000090300000, 0x0000000090400000|  0%| F|  |TAMS 0x0000000090300000| PB 0x0000000090300000| Untracked 
| 260|0x0000000090400000, 0x0000000090400000, 0x0000000090500000|  0%| F|  |TAMS 0x0000000090400000| PB 0x0000000090400000| Untracked 
| 261|0x0000000090500000, 0x0000000090500000, 0x0000000090600000|  0%| F|  |TAMS 0x0000000090500000| PB 0x0000000090500000| Untracked 
| 262|0x0000000090600000, 0x0000000090600000, 0x0000000090700000|  0%| F|  |TAMS 0x0000000090600000| PB 0x0000000090600000| Untracked 
| 263|0x0000000090700000, 0x0000000090700000, 0x0000000090800000|  0%| F|  |TAMS 0x0000000090700000| PB 0x0000000090700000| Untracked 
| 264|0x0000000090800000, 0x0000000090800000, 0x0000000090900000|  0%| F|  |TAMS 0x0000000090800000| PB 0x0000000090800000| Untracked 
| 265|0x0000000090900000, 0x0000000090900000, 0x0000000090a00000|  0%| F|  |TAMS 0x0000000090900000| PB 0x0000000090900000| Untracked 
| 266|0x0000000090a00000, 0x0000000090a00000, 0x0000000090b00000|  0%| F|  |TAMS 0x0000000090a00000| PB 0x0000000090a00000| Untracked 
| 267|0x0000000090b00000, 0x0000000090b00000, 0x0000000090c00000|  0%| F|  |TAMS 0x0000000090b00000| PB 0x0000000090b00000| Untracked 
| 268|0x0000000090c00000, 0x0000000090c00000, 0x0000000090d00000|  0%| F|  |TAMS 0x0000000090c00000| PB 0x0000000090c00000| Untracked 
| 269|0x0000000090d00000, 0x0000000090d00000, 0x0000000090e00000|  0%| F|  |TAMS 0x0000000090d00000| PB 0x0000000090d00000| Untracked 
| 270|0x0000000090e00000, 0x0000000090e00000, 0x0000000090f00000|  0%| F|  |TAMS 0x0000000090e00000| PB 0x0000000090e00000| Untracked 
| 271|0x0000000090f00000, 0x0000000090f00000, 0x0000000091000000|  0%| F|  |TAMS 0x0000000090f00000| PB 0x0000000090f00000| Untracked 
| 272|0x0000000091000000, 0x0000000091000000, 0x0000000091100000|  0%| F|  |TAMS 0x0000000091000000| PB 0x0000000091000000| Untracked 
| 273|0x0000000091100000, 0x0000000091100000, 0x0000000091200000|  0%| F|  |TAMS 0x0000000091100000| PB 0x0000000091100000| Untracked 
| 274|0x0000000091200000, 0x0000000091200000, 0x0000000091300000|  0%| F|  |TAMS 0x0000000091200000| PB 0x0000000091200000| Untracked 
| 275|0x0000000091300000, 0x0000000091300000, 0x0000000091400000|  0%| F|  |TAMS 0x0000000091300000| PB 0x0000000091300000| Untracked 
| 276|0x0000000091400000, 0x0000000091400000, 0x0000000091500000|  0%| F|  |TAMS 0x0000000091400000| PB 0x0000000091400000| Untracked 
| 277|0x0000000091500000, 0x0000000091500000, 0x0000000091600000|  0%| F|  |TAMS 0x0000000091500000| PB 0x0000000091500000| Untracked 
| 278|0x0000000091600000, 0x0000000091600000, 0x0000000091700000|  0%| F|  |TAMS 0x0000000091600000| PB 0x0000000091600000| Untracked 
| 279|0x0000000091700000, 0x0000000091700000, 0x0000000091800000|  0%| F|  |TAMS 0x0000000091700000| PB 0x0000000091700000| Untracked 
| 280|0x0000000091800000, 0x0000000091800000, 0x0000000091900000|  0%| F|  |TAMS 0x0000000091800000| PB 0x0000000091800000| Untracked 
| 281|0x0000000091900000, 0x0000000091900000, 0x0000000091a00000|  0%| F|  |TAMS 0x0000000091900000| PB 0x0000000091900000| Untracked 
| 282|0x0000000091a00000, 0x0000000091a00000, 0x0000000091b00000|  0%| F|  |TAMS 0x0000000091a00000| PB 0x0000000091a00000| Untracked 
| 283|0x0000000091b00000, 0x0000000091b00000, 0x0000000091c00000|  0%| F|  |TAMS 0x0000000091b00000| PB 0x0000000091b00000| Untracked 
| 284|0x0000000091c00000, 0x0000000091c00000, 0x0000000091d00000|  0%| F|  |TAMS 0x0000000091c00000| PB 0x0000000091c00000| Untracked 
| 285|0x0000000091d00000, 0x0000000091d00000, 0x0000000091e00000|  0%| F|  |TAMS 0x0000000091d00000| PB 0x0000000091d00000| Untracked 
| 286|0x0000000091e00000, 0x0000000091e00000, 0x0000000091f00000|  0%| F|  |TAMS 0x0000000091e00000| PB 0x0000000091e00000| Untracked 
| 287|0x0000000091f00000, 0x0000000091f00000, 0x0000000092000000|  0%| F|  |TAMS 0x0000000091f00000| PB 0x0000000091f00000| Untracked 
| 288|0x0000000092000000, 0x0000000092000000, 0x0000000092100000|  0%| F|  |TAMS 0x0000000092000000| PB 0x0000000092000000| Untracked 
| 289|0x0000000092100000, 0x0000000092100000, 0x0000000092200000|  0%| F|  |TAMS 0x0000000092100000| PB 0x0000000092100000| Untracked 
| 290|0x0000000092200000, 0x0000000092200000, 0x0000000092300000|  0%| F|  |TAMS 0x0000000092200000| PB 0x0000000092200000| Untracked 
| 291|0x0000000092300000, 0x0000000092300000, 0x0000000092400000|  0%| F|  |TAMS 0x0000000092300000| PB 0x0000000092300000| Untracked 
| 292|0x0000000092400000, 0x0000000092400000, 0x0000000092500000|  0%| F|  |TAMS 0x0000000092400000| PB 0x0000000092400000| Untracked 
| 293|0x0000000092500000, 0x0000000092500000, 0x0000000092600000|  0%| F|  |TAMS 0x0000000092500000| PB 0x0000000092500000| Untracked 
| 294|0x0000000092600000, 0x0000000092600000, 0x0000000092700000|  0%| F|  |TAMS 0x0000000092600000| PB 0x0000000092600000| Untracked 
| 295|0x0000000092700000, 0x0000000092700000, 0x0000000092800000|  0%| F|  |TAMS 0x0000000092700000| PB 0x0000000092700000| Untracked 
| 296|0x0000000092800000, 0x0000000092800000, 0x0000000092900000|  0%| F|  |TAMS 0x0000000092800000| PB 0x0000000092800000| Untracked 
| 297|0x0000000092900000, 0x0000000092900000, 0x0000000092a00000|  0%| F|  |TAMS 0x0000000092900000| PB 0x0000000092900000| Untracked 
| 298|0x0000000092a00000, 0x0000000092a00000, 0x0000000092b00000|  0%| F|  |TAMS 0x0000000092a00000| PB 0x0000000092a00000| Untracked 
| 299|0x0000000092b00000, 0x0000000092b00000, 0x0000000092c00000|  0%| F|  |TAMS 0x0000000092b00000| PB 0x0000000092b00000| Untracked 
| 300|0x0000000092c00000, 0x0000000092c00000, 0x0000000092d00000|  0%| F|  |TAMS 0x0000000092c00000| PB 0x0000000092c00000| Untracked 
| 301|0x0000000092d00000, 0x0000000092d00000, 0x0000000092e00000|  0%| F|  |TAMS 0x0000000092d00000| PB 0x0000000092d00000| Untracked 
| 302|0x0000000092e00000, 0x0000000092e00000, 0x0000000092f00000|  0%| F|  |TAMS 0x0000000092e00000| PB 0x0000000092e00000| Untracked 
| 303|0x0000000092f00000, 0x0000000092f00000, 0x0000000093000000|  0%| F|  |TAMS 0x0000000092f00000| PB 0x0000000092f00000| Untracked 
| 304|0x0000000093000000, 0x0000000093000000, 0x0000000093100000|  0%| F|  |TAMS 0x0000000093000000| PB 0x0000000093000000| Untracked 
| 305|0x0000000093100000, 0x0000000093100000, 0x0000000093200000|  0%| F|  |TAMS 0x0000000093100000| PB 0x0000000093100000| Untracked 
| 306|0x0000000093200000, 0x0000000093200000, 0x0000000093300000|  0%| F|  |TAMS 0x0000000093200000| PB 0x0000000093200000| Untracked 
| 307|0x0000000093300000, 0x0000000093300000, 0x0000000093400000|  0%| F|  |TAMS 0x0000000093300000| PB 0x0000000093300000| Untracked 
| 308|0x0000000093400000, 0x0000000093400000, 0x0000000093500000|  0%| F|  |TAMS 0x0000000093400000| PB 0x0000000093400000| Untracked 
| 309|0x0000000093500000, 0x0000000093500000, 0x0000000093600000|  0%| F|  |TAMS 0x0000000093500000| PB 0x0000000093500000| Untracked 
| 310|0x0000000093600000, 0x0000000093600000, 0x0000000093700000|  0%| F|  |TAMS 0x0000000093600000| PB 0x0000000093600000| Untracked 
| 311|0x0000000093700000, 0x0000000093700000, 0x0000000093800000|  0%| F|  |TAMS 0x0000000093700000| PB 0x0000000093700000| Untracked 
| 312|0x0000000093800000, 0x0000000093800000, 0x0000000093900000|  0%| F|  |TAMS 0x0000000093800000| PB 0x0000000093800000| Untracked 
| 313|0x0000000093900000, 0x0000000093900000, 0x0000000093a00000|  0%| F|  |TAMS 0x0000000093900000| PB 0x0000000093900000| Untracked 
| 314|0x0000000093a00000, 0x0000000093a00000, 0x0000000093b00000|  0%| F|  |TAMS 0x0000000093a00000| PB 0x0000000093a00000| Untracked 
| 315|0x0000000093b00000, 0x0000000093b00000, 0x0000000093c00000|  0%| F|  |TAMS 0x0000000093b00000| PB 0x0000000093b00000| Untracked 
| 316|0x0000000093c00000, 0x0000000093c00000, 0x0000000093d00000|  0%| F|  |TAMS 0x0000000093c00000| PB 0x0000000093c00000| Untracked 
| 317|0x0000000093d00000, 0x0000000093d00000, 0x0000000093e00000|  0%| F|  |TAMS 0x0000000093d00000| PB 0x0000000093d00000| Untracked 
| 318|0x0000000093e00000, 0x0000000093e00000, 0x0000000093f00000|  0%| F|  |TAMS 0x0000000093e00000| PB 0x0000000093e00000| Untracked 
| 319|0x0000000093f00000, 0x0000000093f00000, 0x0000000094000000|  0%| F|  |TAMS 0x0000000093f00000| PB 0x0000000093f00000| Untracked 
| 320|0x0000000094000000, 0x0000000094000000, 0x0000000094100000|  0%| F|  |TAMS 0x0000000094000000| PB 0x0000000094000000| Untracked 
| 321|0x0000000094100000, 0x0000000094100000, 0x0000000094200000|  0%| F|  |TAMS 0x0000000094100000| PB 0x0000000094100000| Untracked 
| 322|0x0000000094200000, 0x0000000094200000, 0x0000000094300000|  0%| F|  |TAMS 0x0000000094200000| PB 0x0000000094200000| Untracked 
| 323|0x0000000094300000, 0x0000000094300000, 0x0000000094400000|  0%| F|  |TAMS 0x0000000094300000| PB 0x0000000094300000| Untracked 
| 324|0x0000000094400000, 0x0000000094400000, 0x0000000094500000|  0%| F|  |TAMS 0x0000000094400000| PB 0x0000000094400000| Untracked 
| 325|0x0000000094500000, 0x0000000094500000, 0x0000000094600000|  0%| F|  |TAMS 0x0000000094500000| PB 0x0000000094500000| Untracked 
| 326|0x0000000094600000, 0x0000000094600000, 0x0000000094700000|  0%| F|  |TAMS 0x0000000094600000| PB 0x0000000094600000| Untracked 
| 327|0x0000000094700000, 0x0000000094700000, 0x0000000094800000|  0%| F|  |TAMS 0x0000000094700000| PB 0x0000000094700000| Untracked 
| 328|0x0000000094800000, 0x0000000094800000, 0x0000000094900000|  0%| F|  |TAMS 0x0000000094800000| PB 0x0000000094800000| Untracked 
| 329|0x0000000094900000, 0x0000000094900000, 0x0000000094a00000|  0%| F|  |TAMS 0x0000000094900000| PB 0x0000000094900000| Untracked 
| 330|0x0000000094a00000, 0x0000000094a00000, 0x0000000094b00000|  0%| F|  |TAMS 0x0000000094a00000| PB 0x0000000094a00000| Untracked 
| 331|0x0000000094b00000, 0x0000000094b00000, 0x0000000094c00000|  0%| F|  |TAMS 0x0000000094b00000| PB 0x0000000094b00000| Untracked 
|2021|0x00000000fe500000, 0x00000000fe500000, 0x00000000fe600000|  0%| F|  |TAMS 0x00000000fe500000| PB 0x00000000fe500000| Untracked 
|2022|0x00000000fe600000, 0x00000000fe600000, 0x00000000fe700000|  0%| F|  |TAMS 0x00000000fe600000| PB 0x00000000fe600000| Untracked 
|2023|0x00000000fe700000, 0x00000000fe700000, 0x00000000fe800000|  0%| F|  |TAMS 0x00000000fe700000| PB 0x00000000fe700000| Untracked 
|2024|0x00000000fe800000, 0x00000000fe800000, 0x00000000fe900000|  0%| F|  |TAMS 0x00000000fe800000| PB 0x00000000fe800000| Untracked 
|2025|0x00000000fe900000, 0x00000000fe900000, 0x00000000fea00000|  0%| F|  |TAMS 0x00000000fe900000| PB 0x00000000fe900000| Untracked 
|2026|0x00000000fea00000, 0x00000000fea00000, 0x00000000feb00000|  0%| F|  |TAMS 0x00000000fea00000| PB 0x00000000fea00000| Untracked 
|2027|0x00000000feb00000, 0x00000000feb00000, 0x00000000fec00000|  0%| F|  |TAMS 0x00000000feb00000| PB 0x00000000feb00000| Untracked 
|2028|0x00000000fec00000, 0x00000000fec00000, 0x00000000fed00000|  0%| F|  |TAMS 0x00000000fec00000| PB 0x00000000fec00000| Untracked 
|2029|0x00000000fed00000, 0x00000000fee00000, 0x00000000fee00000|100%| O|  |TAMS 0x00000000fed00000| PB 0x00000000fed00000| Untracked 
|2030|0x00000000fee00000, 0x00000000fef00000, 0x00000000fef00000|100%| O|  |TAMS 0x00000000fee00000| PB 0x00000000fee00000| Untracked 
|2031|0x00000000fef00000, 0x00000000ff000000, 0x00000000ff000000|100%| O|  |TAMS 0x00000000fef00000| PB 0x00000000fef00000| Untracked 
|2032|0x00000000ff000000, 0x00000000ff100000, 0x00000000ff100000|100%| O|  |TAMS 0x00000000ff000000| PB 0x00000000ff000000| Untracked 
|2033|0x00000000ff100000, 0x00000000ff200000, 0x00000000ff200000|100%| O|  |TAMS 0x00000000ff100000| PB 0x00000000ff100000| Untracked 
|2034|0x00000000ff200000, 0x00000000ff300000, 0x00000000ff300000|100%| O|  |TAMS 0x00000000ff200000| PB 0x00000000ff200000| Untracked 
|2035|0x00000000ff300000, 0x00000000ff400000, 0x00000000ff400000|100%| O|  |TAMS 0x00000000ff300000| PB 0x00000000ff300000| Untracked 
|2036|0x00000000ff400000, 0x00000000ff500000, 0x00000000ff500000|100%| O|  |TAMS 0x00000000ff400000| PB 0x00000000ff400000| Untracked 
|2037|0x00000000ff500000, 0x00000000ff600000, 0x00000000ff600000|100%| O|  |TAMS 0x00000000ff500000| PB 0x00000000ff500000| Untracked 
|2038|0x00000000ff600000, 0x00000000ff700000, 0x00000000ff700000|100%| O|  |TAMS 0x00000000ff600000| PB 0x00000000ff600000| Untracked 
|2039|0x00000000ff700000, 0x00000000ff800000, 0x00000000ff800000|100%| O|  |TAMS 0x00000000ff700000| PB 0x00000000ff700000| Untracked 
|2040|0x00000000ff800000, 0x00000000ff900000, 0x00000000ff900000|100%| O|  |TAMS 0x00000000ff800000| PB 0x00000000ff800000| Untracked 
|2041|0x00000000ff900000, 0x00000000ffa00000, 0x00000000ffa00000|100%| O|  |TAMS 0x00000000ff900000| PB 0x00000000ff900000| Untracked 
|2042|0x00000000ffa00000, 0x00000000ffb00000, 0x00000000ffb00000|100%| O|  |TAMS 0x00000000ffa00000| PB 0x00000000ffa00000| Untracked 
|2043|0x00000000ffb00000, 0x00000000ffb00000, 0x00000000ffc00000|  0%| F|  |TAMS 0x00000000ffb00000| PB 0x00000000ffb00000| Untracked 
|2044|0x00000000ffc00000, 0x00000000ffc00000, 0x00000000ffd00000|  0%| F|  |TAMS 0x00000000ffc00000| PB 0x00000000ffc00000| Untracked 
|2045|0x00000000ffd00000, 0x00000000ffe00000, 0x00000000ffe00000|100%| O|  |TAMS 0x00000000ffd00000| PB 0x00000000ffd00000| Untracked 
|2046|0x00000000ffe00000, 0x00000000fff00000, 0x00000000fff00000|100%| O|  |TAMS 0x00000000ffe00000| PB 0x00000000ffe00000| Untracked 
|2047|0x00000000fff00000, 0x0000000100000000, 0x0000000100000000|100%| O|  |TAMS 0x00000000fff00000| PB 0x00000000fff00000| Untracked 

Card table byte_map: [0x000001daebc10000,0x000001daec010000] _byte_map_base: 0x000001daeb810000

Marking Bits: (CMBitMap*) 0x000001dad932c160
 Bits: [0x000001daec010000, 0x000001daee010000)

Polling page: 0x000001dad7060000

Metaspace:

Usage:
  Non-class:    106.30 MB used.
      Class:     15.98 MB used.
       Both:    122.27 MB used.

Virtual space:
  Non-class space:      128.00 MB reserved,     107.44 MB ( 84%) committed,  2 nodes.
      Class space:        1.00 GB reserved,      17.12 MB (  2%) committed,  1 nodes.
             Both:        1.12 GB reserved,     124.56 MB ( 11%) committed. 

Chunk freelists:
   Non-Class:  4.48 MB
       Class:  14.92 MB
        Both:  19.41 MB

MaxMetaspaceSize: unlimited
CompressedClassSpaceSize: 1.00 GB
Initial GC threshold: 21.00 MB
Current GC threshold: 207.31 MB
CDS: on
 - commit_granule_bytes: 65536.
 - commit_granule_words: 8192.
 - virtual_space_node_default_size: 8388608.
 - enlarge_chunks_in_place: 1.
 - use_allocation_guard: 0.


Internal statistics:

num_allocs_failed_limit: 9.
num_arena_births: 4204.
num_arena_deaths: 30.
num_vsnodes_births: 3.
num_vsnodes_deaths: 0.
num_space_committed: 1991.
num_space_uncommitted: 0.
num_chunks_returned_to_freelist: 51.
num_chunks_taken_from_freelist: 9357.
num_chunk_merges: 24.
num_chunk_splits: 6511.
num_chunks_enlarged: 4522.
num_inconsistent_stats: 0.

CodeHeap 'non-profiled nmethods': size=120000Kb used=8730Kb max_used=8831Kb free=111269Kb
 bounds [0x000001dae3fa0000, 0x000001dae4840000, 0x000001daeb4d0000]
CodeHeap 'profiled nmethods': size=120000Kb used=26637Kb max_used=27731Kb free=93362Kb
 bounds [0x000001dadc4d0000, 0x000001daddff0000, 0x000001dae3a00000]
CodeHeap 'non-nmethods': size=5760Kb used=2462Kb max_used=2574Kb free=3297Kb
 bounds [0x000001dae3a00000, 0x000001dae3ca0000, 0x000001dae3fa0000]
CodeCache: size=245760Kb, used=37829Kb, max_used=39136Kb, free=207928Kb
 total_blobs=14889, nmethods=13853, adapters=938, full_count=0
Compilation: enabled, stopped_count=0, restarted_count=0

Compilation events (20 events):
Event: 61.962 Thread 0x000001daf097fe30 nmethod 16947 0x000001dadd6c8410 code [0x000001dadd6c8740, 0x000001dadd6c95f8]
Event: 61.963 Thread 0x000001daf097fe30 16948       3       org.objectweb.asm.ClassReader::readField (675 bytes)
Event: 61.968 Thread 0x000001dafbcb5550 nmethod 16929 0x000001dae452b090 code [0x000001dae452b320, 0x000001dae452c810]
Event: 61.970 Thread 0x000001dafbcb5550 16944       4       org.gradle.internal.classpath.InPlaceClasspathBuilder$ZipEntryBuilder::put (54 bytes)
Event: 61.972 Thread 0x000001daf097fe30 nmethod 16948 0x000001dadcb88690 code [0x000001dadcb88c00, 0x000001dadcb8b0c8]
Event: 61.973 Thread 0x000001daf097fe30 16949       3       org.objectweb.asm.MethodWriter::putMethodInfo (1274 bytes)
Event: 61.982 Thread 0x000001daf097f390 nmethod 16931 0x000001dae452a590 code [0x000001dae452a760, 0x000001dae452ae88]
Event: 61.982 Thread 0x000001daf097f390 16942       4       org.gradle.internal.classpath.ClasspathWalker$ZipClasspathEntry::getCompressionMethod (56 bytes)
Event: 61.984 Thread 0x000001daf097fe30 nmethod 16949 0x000001dadcb5ea90 code [0x000001dadcb5f160, 0x000001dadcb61590]
Event: 61.984 Thread 0x000001daf097fe30 16951       3       org.objectweb.asm.FieldWriter::putFieldInfo (269 bytes)
Event: 61.990 Thread 0x000001daf097f390 nmethod 16942 0x000001dae452a110 code [0x000001dae452a2c0, 0x000001dae452a438]
Event: 61.990 Thread 0x000001daf097f390 16918       4       org.gradle.internal.classpath.transforms.InstrumentingClassTransform$InstrumentingVisitor::<init> (41 bytes)
Event: 61.990 Thread 0x000001daf097fe30 nmethod 16951 0x000001daddd3d310 code [0x000001daddd3d5a0, 0x000001daddd3de60]
Event: 61.990 Thread 0x000001daf097fe30 16950       3       org.objectweb.asm.AnnotationWriter::computeAnnotationsSize (66 bytes)
Event: 61.991 Thread 0x000001daf097fe30 nmethod 16950 0x000001dadc85b290 code [0x000001dadc85b480, 0x000001dadc85b780]
Event: 61.995 Thread 0x000001daf097fe30 16953       3       org.objectweb.asm.MethodVisitor::visitTypeAnnotation (41 bytes)
Event: 61.996 Thread 0x000001daf097fe30 nmethod 16953 0x000001dadc8ef990 code [0x000001dadc8efb60, 0x000001dadc8efeb8]
Event: 62.010 Thread 0x000001daf097f390 nmethod 16918 0x000001dae472e690 code [0x000001dae472e840, 0x000001dae472ef60]
Event: 62.010 Thread 0x000001daf097f390 16952       4       org.objectweb.asm.ClassReader::readElementValue (1237 bytes)
Event: 62.012 Thread 0x000001daf097fe30 16961 %     3       org.objectweb.asm.ClassReader::readCode @ 92 (5117 bytes)

GC Heap History (20 events):
Event: 48.177 GC heap after
{Heap after GC invocations=39 (full 0):
 garbage-first heap   total 329728K, used 126760K [0x0000000080000000, 0x0000000100000000)
  region size 1024K, 14 young (14336K), 14 survivors (14336K)
 Metaspace       used 123639K, committed 126016K, reserved 1179648K
  class space    used 16235K, committed 17408K, reserved 1048576K
}
Event: 49.074 GC heap before
{Heap before GC invocations=39 (full 0):
 garbage-first heap   total 329728K, used 304936K [0x0000000080000000, 0x0000000100000000)
  region size 1024K, 189 young (193536K), 14 survivors (14336K)
 Metaspace       used 123714K, committed 126016K, reserved 1179648K
  class space    used 16237K, committed 17408K, reserved 1048576K
}
Event: 49.099 GC heap after
{Heap after GC invocations=40 (full 0):
 garbage-first heap   total 329728K, used 129831K [0x0000000080000000, 0x0000000100000000)
  region size 1024K, 16 young (16384K), 16 survivors (16384K)
 Metaspace       used 123714K, committed 126016K, reserved 1179648K
  class space    used 16237K, committed 17408K, reserved 1048576K
}
Event: 50.182 GC heap before
{Heap before GC invocations=40 (full 0):
 garbage-first heap   total 329728K, used 305959K [0x0000000080000000, 0x0000000100000000)
  region size 1024K, 189 young (193536K), 16 survivors (16384K)
 Metaspace       used 123729K, committed 126080K, reserved 1179648K
  class space    used 16237K, committed 17408K, reserved 1048576K
}
Event: 50.202 GC heap after
{Heap after GC invocations=41 (full 0):
 garbage-first heap   total 329728K, used 133070K [0x0000000080000000, 0x0000000100000000)
  region size 1024K, 17 young (17408K), 17 survivors (17408K)
 Metaspace       used 123729K, committed 126080K, reserved 1179648K
  class space    used 16237K, committed 17408K, reserved 1048576K
}
Event: 51.950 GC heap before
{Heap before GC invocations=42 (full 0):
 garbage-first heap   total 329728K, used 309198K [0x0000000080000000, 0x0000000100000000)
  region size 1024K, 188 young (192512K), 17 survivors (17408K)
 Metaspace       used 123923K, committed 126208K, reserved 1179648K
  class space    used 16269K, committed 17408K, reserved 1048576K
}
Event: 52.023 GC heap after
{Heap after GC invocations=43 (full 0):
 garbage-first heap   total 361472K, used 165733K [0x0000000080000000, 0x0000000100000000)
  region size 1024K, 24 young (24576K), 24 survivors (24576K)
 Metaspace       used 123923K, committed 126208K, reserved 1179648K
  class space    used 16269K, committed 17408K, reserved 1048576K
}
Event: 54.225 GC heap before
{Heap before GC invocations=43 (full 0):
 garbage-first heap   total 361472K, used 314213K [0x0000000080000000, 0x0000000100000000)
  region size 1024K, 167 young (171008K), 24 survivors (24576K)
 Metaspace       used 124881K, committed 127232K, reserved 1179648K
  class space    used 16358K, committed 17536K, reserved 1048576K
}
Event: 54.308 GC heap after
{Heap after GC invocations=44 (full 0):
 garbage-first heap   total 364544K, used 187348K [0x0000000080000000, 0x0000000100000000)
  region size 1024K, 21 young (21504K), 21 survivors (21504K)
 Metaspace       used 124881K, committed 127232K, reserved 1179648K
  class space    used 16358K, committed 17536K, reserved 1048576K
}
Event: 55.492 GC heap before
{Heap before GC invocations=44 (full 0):
 garbage-first heap   total 364544K, used 315348K [0x0000000080000000, 0x0000000100000000)
  region size 1024K, 147 young (150528K), 21 survivors (21504K)
 Metaspace       used 124987K, committed 127296K, reserved 1179648K
  class space    used 16358K, committed 17536K, reserved 1048576K
}
Event: 55.539 GC heap after
{Heap after GC invocations=45 (full 0):
 garbage-first heap   total 364544K, used 192000K [0x0000000080000000, 0x0000000100000000)
  region size 1024K, 5 young (5120K), 5 survivors (5120K)
 Metaspace       used 124987K, committed 127296K, reserved 1179648K
  class space    used 16358K, committed 17536K, reserved 1048576K
}
Event: 57.003 GC heap before
{Heap before GC invocations=46 (full 0):
 garbage-first heap   total 364544K, used 322048K [0x0000000080000000, 0x0000000100000000)
  region size 1024K, 134 young (137216K), 5 survivors (5120K)
 Metaspace       used 125103K, committed 127424K, reserved 1179648K
  class space    used 16358K, committed 17536K, reserved 1048576K
}
Event: 57.016 GC heap after
{Heap after GC invocations=47 (full 0):
 garbage-first heap   total 364544K, used 190316K [0x0000000080000000, 0x0000000100000000)
  region size 1024K, 6 young (6144K), 6 survivors (6144K)
 Metaspace       used 125103K, committed 127424K, reserved 1179648K
  class space    used 16358K, committed 17536K, reserved 1048576K
}
Event: 59.863 GC heap before
{Heap before GC invocations=47 (full 0):
 garbage-first heap   total 364544K, used 326508K [0x0000000080000000, 0x0000000100000000)
  region size 1024K, 140 young (143360K), 6 survivors (6144K)
 Metaspace       used 125180K, committed 127488K, reserved 1179648K
  class space    used 16359K, committed 17536K, reserved 1048576K
}
Event: 59.877 GC heap after
{Heap after GC invocations=48 (full 0):
 garbage-first heap   total 364544K, used 184025K [0x0000000080000000, 0x0000000100000000)
  region size 1024K, 6 young (6144K), 6 survivors (6144K)
 Metaspace       used 125180K, committed 127488K, reserved 1179648K
  class space    used 16359K, committed 17536K, reserved 1048576K
}
Event: 60.532 GC heap before
{Heap before GC invocations=48 (full 0):
 garbage-first heap   total 364544K, used 292569K [0x0000000080000000, 0x0000000100000000)
  region size 1024K, 114 young (116736K), 6 survivors (6144K)
 Metaspace       used 125186K, committed 127488K, reserved 1179648K
  class space    used 16359K, committed 17536K, reserved 1048576K
}
Event: 60.562 GC heap after
{Heap after GC invocations=49 (full 0):
 garbage-first heap   total 364544K, used 194516K [0x0000000080000000, 0x0000000100000000)
  region size 1024K, 16 young (16384K), 16 survivors (16384K)
 Metaspace       used 125186K, committed 127488K, reserved 1179648K
  class space    used 16359K, committed 17536K, reserved 1048576K
}
Event: 61.541 GC heap before
{Heap before GC invocations=50 (full 0):
 garbage-first heap   total 364544K, used 332756K [0x0000000080000000, 0x0000000100000000)
  region size 1024K, 150 young (153600K), 16 survivors (16384K)
 Metaspace       used 125202K, committed 127552K, reserved 1179648K
  class space    used 16359K, committed 17536K, reserved 1048576K
}
Event: 61.591 GC heap after
{Heap after GC invocations=51 (full 0):
 garbage-first heap   total 367616K, used 213193K [0x0000000080000000, 0x0000000100000000)
  region size 1024K, 17 young (17408K), 17 survivors (17408K)
 Metaspace       used 125202K, committed 127552K, reserved 1179648K
  class space    used 16359K, committed 17536K, reserved 1048576K
}
Event: 62.041 GC heap before
{Heap before GC invocations=51 (full 0):
 garbage-first heap   total 367616K, used 337097K [0x0000000080000000, 0x0000000100000000)
  region size 1024K, 135 young (138240K), 17 survivors (17408K)
 Metaspace       used 125206K, committed 127552K, reserved 1179648K
  class space    used 16359K, committed 17536K, reserved 1048576K
}

Dll operation events (14 events):
Event: 0.010 Loaded shared library C:\Users\MEAL0015\.vscode\extensions\redhat.java-1.53.0-win32-x64\jre\21.0.10-win32-x86_64\bin\java.dll
Event: 0.076 Loaded shared library C:\Users\MEAL0015\.vscode\extensions\redhat.java-1.53.0-win32-x64\jre\21.0.10-win32-x86_64\bin\zip.dll
Event: 0.102 Loaded shared library C:\Users\MEAL0015\.vscode\extensions\redhat.java-1.53.0-win32-x64\jre\21.0.10-win32-x86_64\bin\instrument.dll
Event: 0.110 Loaded shared library C:\Users\MEAL0015\.vscode\extensions\redhat.java-1.53.0-win32-x64\jre\21.0.10-win32-x86_64\bin\net.dll
Event: 0.113 Loaded shared library C:\Users\MEAL0015\.vscode\extensions\redhat.java-1.53.0-win32-x64\jre\21.0.10-win32-x86_64\bin\nio.dll
Event: 0.116 Loaded shared library C:\Users\MEAL0015\.vscode\extensions\redhat.java-1.53.0-win32-x64\jre\21.0.10-win32-x86_64\bin\zip.dll
Event: 0.405 Loaded shared library C:\Users\MEAL0015\.vscode\extensions\redhat.java-1.53.0-win32-x64\jre\21.0.10-win32-x86_64\bin\jimage.dll
Event: 0.582 Loaded shared library C:\Users\MEAL0015\.vscode\extensions\redhat.java-1.53.0-win32-x64\jre\21.0.10-win32-x86_64\bin\verify.dll
Event: 0.708 Loaded shared library C:\Users\MEAL0015\.gradle\native\1def1411415f61bf3af743bc5b6707747c0891f09f0c88961ee8f79bc544acac\windows-amd64\native-platform.dll
Event: 0.730 Loaded shared library C:\Users\MEAL0015\.gradle\native\0.2.7\x86_64-windows-gnu\gradle-fileevents.dll
Event: 1.978 Loaded shared library C:\Users\MEAL0015\.vscode\extensions\redhat.java-1.53.0-win32-x64\jre\21.0.10-win32-x86_64\bin\management.dll
Event: 1.981 Loaded shared library C:\Users\MEAL0015\.vscode\extensions\redhat.java-1.53.0-win32-x64\jre\21.0.10-win32-x86_64\bin\management_ext.dll
Event: 2.200 Loaded shared library C:\Users\MEAL0015\.vscode\extensions\redhat.java-1.53.0-win32-x64\jre\21.0.10-win32-x86_64\bin\extnet.dll
Event: 2.472 Loaded shared library C:\Users\MEAL0015\.vscode\extensions\redhat.java-1.53.0-win32-x64\jre\21.0.10-win32-x86_64\bin\sunmscapi.dll

Deoptimization events (20 events):
Event: 61.958 Thread 0x000001dafb73f120 Uncommon trap: trap_request=0xffffff45 fr.pc=0x000001dae47eb6b4 relative=0x0000000000002814
Event: 61.958 Thread 0x000001dafb73f120 Uncommon trap: reason=unstable_if action=reinterpret pc=0x000001dae47eb6b4 method=org.objectweb.asm.MethodWriter.putMethodInfo(Lorg/objectweb/asm/ByteVector;)V @ 200 c2
Event: 61.959 Thread 0x000001dafb73f120 DEOPT PACKING pc=0x000001dae47eb6b4 sp=0x00000023423fa8d0
Event: 61.959 Thread 0x000001dafb73f120 DEOPT UNPACKING pc=0x000001dae3a57ba2 sp=0x00000023423fa888 mode 2
Event: 61.965 Thread 0x000001dafb73f120 Uncommon trap: trap_request=0xffffff45 fr.pc=0x000001dae4750da0 relative=0x00000000000000e0
Event: 61.965 Thread 0x000001dafb73f120 Uncommon trap: reason=unstable_if action=reinterpret pc=0x000001dae4750da0 method=org.objectweb.asm.AnnotationWriter.computeAnnotationsSize(Lorg/objectweb/asm/AnnotationWriter;Lorg/objectweb/asm/AnnotationWriter;Lorg/objectweb/asm/AnnotationWriter;Lorg/ob
Event: 61.965 Thread 0x000001dafb73f120 DEOPT PACKING pc=0x000001dae4750da0 sp=0x00000023423fa840
Event: 61.965 Thread 0x000001dafb73f120 DEOPT UNPACKING pc=0x000001dae3a57ba2 sp=0x00000023423fa7c8 mode 2
Event: 61.987 Thread 0x000001dafbf290e0 Uncommon trap: trap_request=0xffffffde fr.pc=0x000001dae47b67a0 relative=0x0000000000001000
Event: 61.991 Thread 0x000001dafbf290e0 Uncommon trap: reason=class_check action=maybe_recompile pc=0x000001dae47b67a0 method=org.objectweb.asm.ClassReader.readElementValue(Lorg/objectweb/asm/AnnotationVisitor;ILjava/lang/String;[C)I @ 514 c2
Event: 61.991 Thread 0x000001dafbf290e0 DEOPT PACKING pc=0x000001dae47b67a0 sp=0x0000002341ff9d00
Event: 61.991 Thread 0x000001dafbf290e0 DEOPT UNPACKING pc=0x000001dae3a57ba2 sp=0x0000002341ff9c78 mode 2
Event: 62.011 Thread 0x000001dafb73f120 Uncommon trap: trap_request=0xffffff45 fr.pc=0x000001dae480f8b8 relative=0x0000000000008198
Event: 62.011 Thread 0x000001dafb73f120 Uncommon trap: reason=unstable_if action=reinterpret pc=0x000001dae480f8b8 method=org.objectweb.asm.ClassReader.readCode(Lorg/objectweb/asm/MethodVisitor;Lorg/objectweb/asm/Context;I)V @ 1799 c2
Event: 62.011 Thread 0x000001dafb73f120 DEOPT PACKING pc=0x000001dae480f8b8 sp=0x00000023423fa4b0
Event: 62.011 Thread 0x000001dafb73f120 DEOPT UNPACKING pc=0x000001dae3a57ba2 sp=0x00000023423fa448 mode 2
Event: 62.011 Thread 0x000001dafb73f120 Uncommon trap: trap_request=0xffffff45 fr.pc=0x000001dae47b9d8c relative=0x000000000000038c
Event: 62.011 Thread 0x000001dafb73f120 Uncommon trap: reason=unstable_if action=reinterpret pc=0x000001dae47b9d8c method=org.objectweb.asm.ClassReader.readElementValues(Lorg/objectweb/asm/AnnotationVisitor;IZ[C)I @ 78 c2
Event: 62.011 Thread 0x000001dafb73f120 DEOPT PACKING pc=0x000001dae47b9d8c sp=0x00000023423fa330
Event: 62.017 Thread 0x000001dafb73f120 DEOPT UNPACKING pc=0x000001dae3a57ba2 sp=0x00000023423fa2e8 mode 2

Classes loaded (20 events):
Event: 39.149 Loading class sun/security/ssl/PreSharedKeyExtension$PartialClientHelloMessage
Event: 39.150 Loading class sun/security/ssl/PreSharedKeyExtension$PartialClientHelloMessage done
Event: 39.150 Loading class sun/security/ssl/SSLEngineOutputRecord
Event: 39.154 Loading class sun/security/ssl/SSLEngineOutputRecord done
Event: 39.154 Loading class sun/security/ssl/SSLEngineOutputRecord$HandshakeFragment
Event: 39.154 Loading class sun/security/ssl/SSLEngineOutputRecord$HandshakeFragment done
Event: 39.155 Loading class sun/security/ssl/SSLEngineOutputRecord$HandshakeMemo
Event: 39.155 Loading class sun/security/ssl/SSLEngineOutputRecord$RecordMemo
Event: 39.155 Loading class sun/security/ssl/SSLEngineOutputRecord$RecordMemo done
Event: 39.155 Loading class sun/security/ssl/SSLEngineOutputRecord$HandshakeMemo done
Event: 39.189 Loading class sun/security/ssl/PreSharedKeyExtension$SHPreSharedKeySpec
Event: 39.190 Loading class sun/security/ssl/PreSharedKeyExtension$SHPreSharedKeySpec done
Event: 40.336 Loading class sun/security/ssl/ServerNameExtension$SHServerNamesSpec
Event: 40.336 Loading class sun/security/ssl/ServerNameExtension$SHServerNamesSpec done
Event: 52.944 Loading class java/util/Collections$UnmodifiableSortedMap
Event: 52.977 Loading class java/util/Collections$UnmodifiableSortedMap done
Event: 52.979 Loading class java/util/zip/Deflater
Event: 52.984 Loading class java/util/zip/Deflater done
Event: 53.048 Loading class java/util/zip/Deflater$DeflaterZStreamRef
Event: 53.050 Loading class java/util/zip/Deflater$DeflaterZStreamRef done

Classes unloaded (15 events):
Event: 45.766 Thread 0x000001daf094aeb0 Unloading class 0x000001da820d1000 'java/lang/invoke/LambdaForm$DMH+0x000001da820d1000'
Event: 45.766 Thread 0x000001daf094aeb0 Unloading class 0x000001da820d0c00 'java/lang/invoke/LambdaForm$DMH+0x000001da820d0c00'
Event: 45.766 Thread 0x000001daf094aeb0 Unloading class 0x000001da820d0800 'java/lang/invoke/LambdaForm$DMH+0x000001da820d0800'
Event: 45.766 Thread 0x000001daf094aeb0 Unloading class 0x000001da820cb400 'java/lang/invoke/LambdaForm$MH+0x000001da820cb400'
Event: 45.766 Thread 0x000001daf094aeb0 Unloading class 0x000001da820cb000 'java/lang/invoke/LambdaForm$MH+0x000001da820cb000'
Event: 45.766 Thread 0x000001daf094aeb0 Unloading class 0x000001da820cac00 'java/lang/invoke/LambdaForm$MH+0x000001da820cac00'
Event: 45.766 Thread 0x000001daf094aeb0 Unloading class 0x000001da820ca000 'java/lang/invoke/LambdaForm$MH+0x000001da820ca000'
Event: 45.766 Thread 0x000001daf094aeb0 Unloading class 0x000001da820ca800 'java/lang/invoke/LambdaForm$MH+0x000001da820ca800'
Event: 45.766 Thread 0x000001daf094aeb0 Unloading class 0x000001da820ca400 'java/lang/invoke/LambdaForm$MH+0x000001da820ca400'
Event: 45.766 Thread 0x000001daf094aeb0 Unloading class 0x000001da820c9800 'java/lang/invoke/LambdaForm$MH+0x000001da820c9800'
Event: 45.766 Thread 0x000001daf094aeb0 Unloading class 0x000001da820c8c00 'java/lang/invoke/LambdaForm$MH+0x000001da820c8c00'
Event: 45.766 Thread 0x000001daf094aeb0 Unloading class 0x000001da820c9000 'java/lang/invoke/LambdaForm$MH+0x000001da820c9000'
Event: 45.766 Thread 0x000001daf094aeb0 Unloading class 0x000001da820c9400 'java/lang/invoke/LambdaForm$MH+0x000001da820c9400'
Event: 45.766 Thread 0x000001daf094aeb0 Unloading class 0x000001da820c8800 'java/lang/invoke/LambdaForm$MH+0x000001da820c8800'
Event: 45.766 Thread 0x000001daf094aeb0 Unloading class 0x000001da820c8400 'java/lang/invoke/LambdaForm$MH+0x000001da820c8400'

Classes redefined (0 events):
No events

Internal exceptions (20 events):
Event: 56.407 Thread 0x000001dafb73f120 Exception <a 'sun/nio/fs/WindowsException'{0x00000000917f1dd0}> (0x00000000917f1dd0) 
thrown [s\src\hotspot\share\prims\jni.cpp, line 520]
Event: 56.557 Thread 0x000001dafbf29770 Exception <a 'sun/nio/fs/WindowsException'{0x00000000905f21e8}> (0x00000000905f21e8) 
thrown [s\src\hotspot\share\prims\jni.cpp, line 520]
Event: 56.619 Thread 0x000001dafbf2b840 Exception <a 'sun/nio/fs/WindowsException'{0x000000008ff53118}> (0x000000008ff53118) 
thrown [s\src\hotspot\share\prims\jni.cpp, line 520]
Event: 56.839 Thread 0x000001dafbf2b1b0 Exception <a 'sun/nio/fs/WindowsException'{0x00000000904d0ea0}> (0x00000000904d0ea0) 
thrown [s\src\hotspot\share\prims\jni.cpp, line 520]
Event: 57.052 Thread 0x000001daf67c8600 Exception <a 'sun/nio/fs/WindowsException'{0x00000000948066c0}> (0x00000000948066c0) 
thrown [s\src\hotspot\share\prims\jni.cpp, line 520]
Event: 57.203 Thread 0x000001dafbf2b840 Exception <a 'sun/nio/fs/WindowsException'{0x0000000093f50910}> (0x0000000093f50910) 
thrown [s\src\hotspot\share\prims\jni.cpp, line 520]
Event: 57.406 Thread 0x000001dafbf2b1b0 Exception <a 'sun/nio/fs/WindowsException'{0x0000000092395790}> (0x0000000092395790) 
thrown [s\src\hotspot\share\prims\jni.cpp, line 520]
Event: 57.707 Thread 0x000001dafbf29770 Exception <a 'sun/nio/fs/WindowsException'{0x000000008f4165f0}> (0x000000008f4165f0) 
thrown [s\src\hotspot\share\prims\jni.cpp, line 520]
Event: 57.709 Thread 0x000001dafb73f120 Exception <a 'sun/nio/fs/WindowsException'{0x000000008f780ae8}> (0x000000008f780ae8) 
thrown [s\src\hotspot\share\prims\jni.cpp, line 520]
Event: 57.808 Thread 0x000001dafbf2b1b0 Exception <a 'sun/nio/fs/WindowsException'{0x000000008e4951f0}> (0x000000008e4951f0) 
thrown [s\src\hotspot\share\prims\jni.cpp, line 520]
Event: 60.050 Thread 0x000001dafbf29770 Exception <a 'sun/nio/fs/WindowsException'{0x000000009364a658}> (0x000000009364a658) 
thrown [s\src\hotspot\share\prims\jni.cpp, line 520]
Event: 60.133 Thread 0x000001dafbf2bed0 Exception <a 'sun/nio/fs/WindowsException'{0x0000000092ec82f0}> (0x0000000092ec82f0) 
thrown [s\src\hotspot\share\prims\jni.cpp, line 520]
Event: 60.300 Thread 0x000001daf67c8600 Exception <a 'sun/nio/fs/WindowsException'{0x00000000909a7278}> (0x00000000909a7278) 
thrown [s\src\hotspot\share\prims\jni.cpp, line 520]
Event: 60.517 Thread 0x000001dafb73f120 Exception <a 'sun/nio/fs/WindowsException'{0x000000008e6d0140}> (0x000000008e6d0140) 
thrown [s\src\hotspot\share\prims\jni.cpp, line 520]
Event: 61.026 Thread 0x000001dafbf2bed0 Exception <a 'sun/nio/fs/WindowsException'{0x00000000934fb228}> (0x00000000934fb228) 
thrown [s\src\hotspot\share\prims\jni.cpp, line 520]
Event: 61.154 Thread 0x000001dafbf29770 Exception <a 'sun/nio/fs/WindowsException'{0x0000000092033048}> (0x0000000092033048) 
thrown [s\src\hotspot\share\prims\jni.cpp, line 520]
Event: 61.275 Thread 0x000001daf67c8600 Exception <a 'sun/nio/fs/WindowsException'{0x0000000091b68d88}> (0x0000000091b68d88) 
thrown [s\src\hotspot\share\prims\jni.cpp, line 520]
Event: 61.690 Thread 0x000001dafbf2b1b0 Exception <a 'sun/nio/fs/WindowsException'{0x00000000fe980848}> (0x00000000fe980848) 
thrown [s\src\hotspot\share\prims\jni.cpp, line 520]
Event: 62.011 Thread 0x000001dafb73f120 Implicit null exception at 0x000001dae47b9b47 to 0x000001dae47b9d7c
Event: 62.035 Thread 0x000001daf67c8600 Exception <a 'sun/nio/fs/WindowsException'{0x000000008df39770}> (0x000000008df39770) 
thrown [s\src\hotspot\share\prims\jni.cpp, line 520]

ZGC Phase Switch (0 events):
No events

VM Operations (20 events):
Event: 58.717 Executing safepoint VM operation: Cleanup done
Event: 59.862 Executing safepoint VM operation: G1CollectForAllocation (G1 Evacuation Pause)
Event: 59.878 Executing safepoint VM operation: G1CollectForAllocation (G1 Evacuation Pause) done
Event: 60.047 Executing non-safepoint VM operation: HandshakeAllThreads (HandshakeForDeflation)
Event: 60.054 Executing non-safepoint VM operation: HandshakeAllThreads (HandshakeForDeflation) done
Event: 60.054 Executing non-safepoint VM operation: RendezvousGCThreads
Event: 60.054 Executing non-safepoint VM operation: RendezvousGCThreads done
Event: 60.531 Executing safepoint VM operation: G1TryInitiateConcMark (G1 Humongous Allocation)
Event: 60.562 Executing safepoint VM operation: G1TryInitiateConcMark (G1 Humongous Allocation) done
Event: 61.040 Executing safepoint VM operation: G1PauseRemark
Event: 61.072 Executing safepoint VM operation: G1PauseRemark done
Event: 61.307 Executing safepoint VM operation: G1PauseCleanup
Event: 61.309 Executing safepoint VM operation: G1PauseCleanup done
Event: 61.540 Executing safepoint VM operation: G1CollectForAllocation (G1 Evacuation Pause)
Event: 61.540 Executing safepoint VM operation: G1CollectForAllocation (G1 Evacuation Pause) done
Event: 61.541 Executing safepoint VM operation: G1CollectForAllocation (GCLocker Initiated GC)
Event: 61.591 Executing safepoint VM operation: G1CollectForAllocation (GCLocker Initiated GC) done
Event: 62.040 Executing safepoint VM operation: G1CollectForAllocation (G1 Evacuation Pause)
Event: 62.041 Executing safepoint VM operation: G1CollectForAllocation (G1 Evacuation Pause) done
Event: 62.041 Executing safepoint VM operation: G1CollectForAllocation (GCLocker Initiated GC)

Memory protections (0 events):
No events

Nmethod flushes (20 events):
Event: 61.069 Thread 0x000001daf094aeb0 flushing  nmethod 0x000001daddbc6e90
Event: 61.069 Thread 0x000001daf094aeb0 flushing  nmethod 0x000001daddbc7a90
Event: 61.069 Thread 0x000001daf094aeb0 flushing  nmethod 0x000001daddbc7f10
Event: 61.069 Thread 0x000001daf094aeb0 flushing  nmethod 0x000001daddbc8a10
Event: 61.069 Thread 0x000001daf094aeb0 flushing  nmethod 0x000001daddbc8f90
Event: 61.069 Thread 0x000001daf094aeb0 flushing  nmethod 0x000001daddbc9310
Event: 61.069 Thread 0x000001daf094aeb0 flushing  nmethod 0x000001daddbc9690
Event: 61.069 Thread 0x000001daf094aeb0 flushing  nmethod 0x000001daddbc9b90
Event: 61.069 Thread 0x000001daf094aeb0 flushing  nmethod 0x000001daddc00010
Event: 61.069 Thread 0x000001daf094aeb0 flushing  nmethod 0x000001daddc00e10
Event: 61.069 Thread 0x000001daf094aeb0 flushing  nmethod 0x000001daddc01e10
Event: 61.069 Thread 0x000001daf094aeb0 flushing  nmethod 0x000001daddc02f10
Event: 61.069 Thread 0x000001daf094aeb0 flushing  nmethod 0x000001daddc03810
Event: 61.069 Thread 0x000001daf094aeb0 flushing  nmethod 0x000001daddc51910
Event: 61.069 Thread 0x000001daf094aeb0 flushing  nmethod 0x000001daddc52610
Event: 61.069 Thread 0x000001daf094aeb0 flushing  nmethod 0x000001daddc8d210
Event: 61.069 Thread 0x000001daf094aeb0 flushing  nmethod 0x000001daddc8e090
Event: 61.069 Thread 0x000001daf094aeb0 flushing  nmethod 0x000001daddc8ea10
Event: 61.069 Thread 0x000001daf094aeb0 flushing  nmethod 0x000001daddc8f190
Event: 61.069 Thread 0x000001daf094aeb0 flushing  nmethod 0x000001daddc8fa90

Events (20 events):
Event: 37.062 Thread 0x000001daf67c8600 Thread added: 0x000001dafa8ce650
Event: 42.950 Thread 0x000001dafbcb25a0 Thread exited: 0x000001dafbcb25a0
Event: 43.578 Thread 0x000001daf67c8600 Thread added: 0x000001dafa8d1ad0
Event: 43.584 Thread 0x000001daf67c8600 Thread added: 0x000001dafa8cece0
Event: 43.591 Thread 0x000001daf67c8600 Thread added: 0x000001dafa8d0db0
Event: 43.599 Thread 0x000001daf67c8600 Thread added: 0x000001dafa8d27f0
Event: 43.604 Thread 0x000001daf67c8600 Thread added: 0x000001dafa8d2e80
Event: 43.607 Thread 0x000001daf67c8600 Thread added: 0x000001dafa8d0090
Event: 43.900 Thread 0x000001daf67c8600 Thread added: 0x000001dafa8d55e0
Event: 45.869 Thread 0x000001daf097fe30 Thread added: 0x000001dafbcb5550
Event: 47.784 Thread 0x000001dafbcb5550 Thread exited: 0x000001dafbcb5550
Event: 51.135 Thread 0x000001daf67c8600 Thread added: 0x000001dafbf2b1b0
Event: 51.136 Thread 0x000001daf67c8600 Thread added: 0x000001dafbf290e0
Event: 51.137 Thread 0x000001daf67c8600 Thread added: 0x000001dafbf2b840
Event: 51.138 Thread 0x000001daf67c8600 Thread added: 0x000001dafbf29770
Event: 51.138 Thread 0x000001daf67c8600 Thread added: 0x000001dafbf2bed0
Event: 51.139 Thread 0x000001daf67c8600 Thread added: 0x000001dafb73f120
Event: 51.140 Thread 0x000001daf67c8600 Thread added: 0x000001daf6eab1a0
Event: 52.833 Thread 0x000001daf097f390 Thread added: 0x000001dafbcb47b0
Event: 53.284 Thread 0x000001daf097fe30 Thread added: 0x000001dafbcb5550


Dynamic libraries:
0x00007ff618e30000 - 0x00007ff618e3e000 	C:\Users\MEAL0015\.vscode\extensions\redhat.java-1.53.0-win32-x64\jre\21.0.10-win32-x86_64\bin\java.exe
0x00007ff973fa0000 - 0x00007ff974207000 	C:\WINDOWS\SYSTEM32\ntdll.dll
0x00007ff972ef0000 - 0x00007ff972fb9000 	C:\WINDOWS\System32\KERNEL32.DLL
0x00007ff971120000 - 0x00007ff97150f000 	C:\WINDOWS\System32\KERNELBASE.dll
0x00007ff9715d0000 - 0x00007ff97171b000 	C:\WINDOWS\System32\ucrtbase.dll
0x00007ff92b980000 - 0x00007ff92b998000 	C:\Users\MEAL0015\.vscode\extensions\redhat.java-1.53.0-win32-x64\jre\21.0.10-win32-x86_64\bin\jli.dll
0x00007ff92c9e0000 - 0x00007ff92c9fe000 	C:\Users\MEAL0015\.vscode\extensions\redhat.java-1.53.0-win32-x64\jre\21.0.10-win32-x86_64\bin\VCRUNTIME140.dll
0x00007ff973200000 - 0x00007ff9733c5000 	C:\WINDOWS\System32\USER32.dll
0x00007ff95b500000 - 0x00007ff95b793000 	C:\WINDOWS\WinSxS\amd64_microsoft.windows.common-controls_6595b64144ccf1df_6.0.26100.7309_none_3e05feeae336a044\COMCTL32.dll
0x00007ff9710f0000 - 0x00007ff971117000 	C:\WINDOWS\System32\win32u.dll
0x00007ff971d80000 - 0x00007ff971dab000 	C:\WINDOWS\System32\GDI32.dll
0x00007ff972cd0000 - 0x00007ff972d79000 	C:\WINDOWS\System32\msvcrt.dll
0x00007ff971a00000 - 0x00007ff971b2c000 	C:\WINDOWS\System32\gdi32full.dll
0x00007ff971520000 - 0x00007ff9715c3000 	C:\WINDOWS\System32\msvcp_win.dll
0x00007ff971d40000 - 0x00007ff971d71000 	C:\WINDOWS\System32\IMM32.DLL
0x00007ff9690f0000 - 0x00007ff9690fc000 	C:\Users\MEAL0015\.vscode\extensions\redhat.java-1.53.0-win32-x64\jre\21.0.10-win32-x86_64\bin\vcruntime140_1.dll
0x00007ff925860000 - 0x00007ff9258ed000 	C:\Users\MEAL0015\.vscode\extensions\redhat.java-1.53.0-win32-x64\jre\21.0.10-win32-x86_64\bin\msvcp140.dll
0x00007ff895b20000 - 0x00007ff8968c1000 	C:\Users\MEAL0015\.vscode\extensions\redhat.java-1.53.0-win32-x64\jre\21.0.10-win32-x86_64\bin\server\jvm.dll
0x00007ff972fc0000 - 0x00007ff973074000 	C:\WINDOWS\System32\ADVAPI32.dll
0x00007ff973eb0000 - 0x00007ff973f56000 	C:\WINDOWS\System32\sechost.dll
0x00007ff972b20000 - 0x00007ff972c38000 	C:\WINDOWS\System32\RPCRT4.dll
0x00007ff971e60000 - 0x00007ff971ed4000 	C:\WINDOWS\System32\WS2_32.dll
0x00007ff970f50000 - 0x00007ff970fae000 	C:\WINDOWS\SYSTEM32\POWRPROF.dll
0x00007ff95e1f0000 - 0x00007ff95e1fb000 	C:\WINDOWS\SYSTEM32\VERSION.dll
0x00007ff966550000 - 0x00007ff966585000 	C:\WINDOWS\SYSTEM32\WINMM.dll
0x00007ff970f30000 - 0x00007ff970f44000 	C:\WINDOWS\SYSTEM32\UMPDC.dll
0x00007ff96fd30000 - 0x00007ff96fd4b000 	C:\WINDOWS\SYSTEM32\kernel.appcore.dll
0x00007ff940290000 - 0x00007ff94029a000 	C:\Users\MEAL0015\.vscode\extensions\redhat.java-1.53.0-win32-x64\jre\21.0.10-win32-x86_64\bin\jimage.dll
0x00007ff96dfd0000 - 0x00007ff96e212000 	C:\WINDOWS\SYSTEM32\DBGHELP.DLL
0x00007ff973510000 - 0x00007ff973895000 	C:\WINDOWS\System32\combase.dll
0x00007ff972a40000 - 0x00007ff972b16000 	C:\WINDOWS\System32\OLEAUT32.dll
0x00007ff95b4c0000 - 0x00007ff95b4fc000 	C:\WINDOWS\SYSTEM32\dbgcore.DLL
0x00007ff971720000 - 0x00007ff9717c5000 	C:\WINDOWS\System32\bcryptPrimitives.dll
0x00007ff9397a0000 - 0x00007ff9397af000 	C:\Users\MEAL0015\.vscode\extensions\redhat.java-1.53.0-win32-x64\jre\21.0.10-win32-x86_64\bin\instrument.dll
0x00007ff92a840000 - 0x00007ff92a860000 	C:\Users\MEAL0015\.vscode\extensions\redhat.java-1.53.0-win32-x64\jre\21.0.10-win32-x86_64\bin\java.dll
0x00007ff972080000 - 0x00007ff9727d3000 	C:\WINDOWS\System32\SHELL32.dll
0x00007ff9717d0000 - 0x00007ff97193a000 	C:\WINDOWS\System32\wintypes.dll
0x00007ff96e980000 - 0x00007ff96f1de000 	C:\WINDOWS\SYSTEM32\windows.storage.dll
0x00007ff973d30000 - 0x00007ff973e25000 	C:\WINDOWS\System32\SHCORE.dll
0x00007ff9734a0000 - 0x00007ff973506000 	C:\WINDOWS\System32\shlwapi.dll
0x00007ff971010000 - 0x00007ff971039000 	C:\WINDOWS\SYSTEM32\profapi.dll
0x00007ff92a820000 - 0x00007ff92a838000 	C:\Users\MEAL0015\.vscode\extensions\redhat.java-1.53.0-win32-x64\jre\21.0.10-win32-x86_64\bin\zip.dll
0x00007ff93fec0000 - 0x00007ff93fed0000 	C:\Users\MEAL0015\.vscode\extensions\redhat.java-1.53.0-win32-x64\jre\21.0.10-win32-x86_64\bin\net.dll
0x00007ff96fd50000 - 0x00007ff96fe78000 	C:\WINDOWS\SYSTEM32\WINHTTP.dll
0x00007ff9703b0000 - 0x00007ff97041b000 	C:\WINDOWS\system32\mswsock.dll
0x00007ff9298a0000 - 0x00007ff9298b6000 	C:\Users\MEAL0015\.vscode\extensions\redhat.java-1.53.0-win32-x64\jre\21.0.10-win32-x86_64\bin\nio.dll
0x00007ff92cac0000 - 0x00007ff92cad0000 	C:\Users\MEAL0015\.vscode\extensions\redhat.java-1.53.0-win32-x64\jre\21.0.10-win32-x86_64\bin\verify.dll
0x00007ff9289e0000 - 0x00007ff928a07000 	C:\Users\MEAL0015\.gradle\native\1def1411415f61bf3af743bc5b6707747c0891f09f0c88961ee8f79bc544acac\windows-amd64\native-platform.dll
0x00007ff904c60000 - 0x00007ff904cd8000 	C:\Users\MEAL0015\.gradle\native\0.2.7\x86_64-windows-gnu\gradle-fileevents.dll
0x00007ff93dd70000 - 0x00007ff93dd7a000 	C:\Users\MEAL0015\.vscode\extensions\redhat.java-1.53.0-win32-x64\jre\21.0.10-win32-x86_64\bin\management.dll
0x00007ff93a770000 - 0x00007ff93a77c000 	C:\Users\MEAL0015\.vscode\extensions\redhat.java-1.53.0-win32-x64\jre\21.0.10-win32-x86_64\bin\management_ext.dll
0x00007ff972cc0000 - 0x00007ff972cc8000 	C:\WINDOWS\System32\PSAPI.DLL
0x00007ff96f520000 - 0x00007ff96f554000 	C:\WINDOWS\SYSTEM32\IPHLPAPI.DLL
0x00007ff9727f0000 - 0x00007ff9727fa000 	C:\WINDOWS\System32\NSI.dll
0x00007ff92cf90000 - 0x00007ff92cf99000 	C:\Users\MEAL0015\.vscode\extensions\redhat.java-1.53.0-win32-x64\jre\21.0.10-win32-x86_64\bin\extnet.dll
0x00007ff9707a0000 - 0x00007ff9707bb000 	C:\WINDOWS\SYSTEM32\CRYPTSP.dll
0x00007ff96fc90000 - 0x00007ff96fcca000 	C:\WINDOWS\system32\rsaenh.dll
0x00007ff970460000 - 0x00007ff97048b000 	C:\WINDOWS\SYSTEM32\USERENV.dll
0x00007ff970fe0000 - 0x00007ff97100a000 	C:\WINDOWS\SYSTEM32\bcrypt.dll
0x00007ff970780000 - 0x00007ff97078c000 	C:\WINDOWS\SYSTEM32\CRYPTBASE.dll
0x00007ff92d5e0000 - 0x00007ff92d5ee000 	C:\Users\MEAL0015\.vscode\extensions\redhat.java-1.53.0-win32-x64\jre\21.0.10-win32-x86_64\bin\sunmscapi.dll
0x00007ff971b30000 - 0x00007ff971ca7000 	C:\WINDOWS\System32\CRYPT32.dll
0x00007ff9708f0000 - 0x00007ff970920000 	C:\WINDOWS\SYSTEM32\ncrypt.dll
0x00007ff9708a0000 - 0x00007ff9708df000 	C:\WINDOWS\SYSTEM32\NTASN1.dll
0x00007ff92dcd0000 - 0x00007ff92dcd8000 	C:\WINDOWS\system32\wshunix.dll
0x00007ff96f5b0000 - 0x00007ff96f6dc000 	C:\WINDOWS\SYSTEM32\DNSAPI.dll
0x00007ff95df80000 - 0x00007ff95df8b000 	C:\Windows\System32\rasadhlp.dll
0x00007ff9661d0000 - 0x00007ff966256000 	C:\WINDOWS\System32\fwpuclnt.dll

JVMTI agents:
C:\Users\MEAL0015\.gradle\wrapper\dists\gradle-8.13-bin\5xuhj0ry160q40clulazy9h7d\gradle-8.13\lib\agents\gradle-instrumentation-agent-8.13.jar path:C:\Users\MEAL0015\.vscode\extensions\redhat.java-1.53.0-win32-x64\jre\21.0.10-win32-x86_64\bin\instrument.dll, loaded, initialized, instrumentlib options:none

dbghelp: loaded successfully - version: 4.0.5 - missing functions: none
symbol engine: initialized successfully - sym options: 0x614 - pdb path: .;C:\Users\MEAL0015\.vscode\extensions\redhat.java-1.53.0-win32-x64\jre\21.0.10-win32-x86_64\bin;C:\WINDOWS\SYSTEM32;C:\WINDOWS\WinSxS\amd64_microsoft.windows.common-controls_6595b64144ccf1df_6.0.26100.7309_none_3e05feeae336a044;C:\Users\MEAL0015\.vscode\extensions\redhat.java-1.53.0-win32-x64\jre\21.0.10-win32-x86_64\bin\server;C:\Users\MEAL0015\.gradle\native\1def1411415f61bf3af743bc5b6707747c0891f09f0c88961ee8f79bc544acac\windows-amd64;C:\Users\MEAL0015\.gradle\native\0.2.7\x86_64-windows-gnu

VM Arguments:
jvm_args: --add-opens=java.base/java.lang=ALL-UNNAMED --add-opens=java.base/java.lang.invoke=ALL-UNNAMED --add-opens=java.base/java.util=ALL-UNNAMED --add-opens=java.prefs/java.util.prefs=ALL-UNNAMED --add-exports=jdk.compiler/com.sun.tools.javac.api=ALL-UNNAMED --add-exports=jdk.compiler/com.sun.tools.javac.util=ALL-UNNAMED --add-opens=java.base/java.util=ALL-UNNAMED --add-opens=java.prefs/java.util.prefs=ALL-UNNAMED --add-opens=java.base/java.nio.charset=ALL-UNNAMED --add-opens=java.base/java.net=ALL-UNNAMED --add-opens=java.base/java.util.concurrent.atomic=ALL-UNNAMED --add-opens=java.xml/javax.xml.namespace=ALL-UNNAMED -Xmx2048m -Dfile.encoding=UTF-8 -Duser.country=SE -Duser.language=sv -Duser.variant -javaagent:C:\Users\MEAL0015\.gradle\wrapper\dists\gradle-8.13-bin\5xuhj0ry160q40clulazy9h7d\gradle-8.13\lib\agents\gradle-instrumentation-agent-8.13.jar 
java_command: org.gradle.launcher.daemon.bootstrap.GradleDaemon 8.13
java_class_path (initial): C:\Users\MEAL0015\.gradle\wrapper\dists\gradle-8.13-bin\5xuhj0ry160q40clulazy9h7d\gradle-8.13\lib\gradle-daemon-main-8.13.jar
Launcher Type: SUN_STANDARD

[Global flags]
     intx CICompilerCount                          = 4                                         {product} {ergonomic}
     uint ConcGCThreads                            = 2                                         {product} {ergonomic}
     uint G1ConcRefinementThreads                  = 8                                         {product} {ergonomic}
   size_t G1HeapRegionSize                         = 1048576                                   {product} {ergonomic}
    uintx GCDrainStackTargetSize                   = 64                                        {product} {ergonomic}
   size_t InitialHeapSize                          = 130023424                                 {product} {ergonomic}
   size_t MarkStackSize                            = 4194304                                   {product} {ergonomic}
   size_t MaxHeapSize                              = 2147483648                                {product} {command line}
   size_t MaxNewSize                               = 1287651328                                {product} {ergonomic}
   size_t MinHeapDeltaBytes                        = 1048576                                   {product} {ergonomic}
   size_t MinHeapSize                              = 8388608                                   {product} {ergonomic}
    uintx NonNMethodCodeHeapSize                   = 5839372                                {pd product} {ergonomic}
    uintx NonProfiledCodeHeapSize                  = 122909434                              {pd product} {ergonomic}
    uintx ProfiledCodeHeapSize                     = 122909434                              {pd product} {ergonomic}
    uintx ReservedCodeCacheSize                    = 251658240                              {pd product} {ergonomic}
     bool SegmentedCodeCache                       = true                                      {product} {ergonomic}
   size_t SoftMaxHeapSize                          = 2147483648                             {manageable} {ergonomic}
     bool UseCompressedOops                        = true                           {product lp64_product} {ergonomic}
     bool UseG1GC                                  = true                                      {product} {ergonomic}
     bool UseLargePagesIndividualAllocation        = false                                  {pd product} {ergonomic}

Logging:
Log output configuration:
 #0: stdout all=warning uptime,level,tags foldmultilines=false
 #1: stderr all=off uptime,level,tags foldmultilines=false

Release file:
JAVA_VERSION="21.0.10" 
MODULES="java.base java.compiler java.datatransfer java.xml java.prefs java.desktop java.instrument java.logging java.management java.security.sasl java.naming java.rmi java.management.rmi java.net.http java.scripting java.security.jgss java.transaction.xa java.sql java.sql.rowset java.xml.crypto java.se java.smartcardio jdk.accessibility jdk.internal.jvmstat jdk.attach jdk.charsets jdk.internal.opt jdk.zipfs jdk.compiler jdk.crypto.ec jdk.crypto.cryptoki jdk.crypto.mscapi jdk.dynalink jdk.internal.ed jdk.editpad jdk.hotspot.agent jdk.httpserver jdk.internal.le jdk.internal.vm.ci jdk.internal.vm.compiler jdk.internal.vm.compiler.management jdk.jartool jdk.javadoc jdk.jcmd jdk.management jdk.management.agent jdk.jconsole jdk.jdeps jdk.jdwp.agent jdk.jdi jdk.jfr jdk.jshell jdk.jsobject jdk.jstatd jdk.localedata jdk.management.jfr jdk.naming.dns jdk.naming.rmi jdk.net jdk.nio.mapmode jdk.random jdk.sctp jdk.security.auth jdk.security.jgss jdk.unsupported jdk.unsupported.desktop jdk.xml.dom" 

Environment Variables:
JAVA_HOME=C:\Users\MEAL0015\jdk1.8.0_202
PATH=C:\Program Files\Common Files\Oracle\Java\javapath;C:\Program Files (x86)\Common Files\Oracle\Java\javapath;C:\WINDOWS\system32;C:\WINDOWS;C:\WINDOWS\System32\Wbem;C:\WINDOWS\System32\WindowsPowerShell\v1.0\;C:\WINDOWS\System32\OpenSSH\;C:\Program Files\dotnet\;C:\Program Files\Git\cmd;C:\ProgramData\chocolatey\bin;C:\Program Files\Microsoft SQL Server\Client SDK\ODBC\170\Tools\Binn\;C:\Program Files (x86)\Microsoft SQL Server\150\Tools\Binn\;C:\Program Files\Microsoft SQL Server\150\Tools\Binn\;C:\Program Files\Microsoft SQL Server\150\DTS\Binn\;C:\Program Files (x86)\Microsoft SQL Server\160\DTS\Binn\;C:\Users\MEAL0015\.conda;C:\Program Files\nodejs\;C:\Program Files\Docker\Docker\resources\bin;C:\Program Files\MariaDB 11.7\bin;C:\Program Files\Java\jdk-25\bin;C:\Program Files\PowerShell\7\;C:\Users\MEAL0015\hadoop-3.3.6\sbin;C:\Users\MEAL0015\hadoop-3.3.6\bin;C:\Users\MEAL0015\AppData\Local\Programs\Python\Python310\lib\site-packages\pyspark\bin;C:\Program Files\MySQL\MySQL Shell 8.0\bin\;C:\Users\MEAL0015\AppData\Local\Programs\Python\Python310\Scripts\;C:\Users\MEAL0015\AppData\Local\Programs\Python\Python310\;C:\Users\MEAL0015\AppData\Local\Programs\Python\Python311\Scripts\;C:\Users\MEAL0015\AppData\Local\Programs\Python\Python311\;C:\Users\MEAL0015\AppData\Local\Microsoft\WindowsApps;C:\Users\MEAL0015\AppData\Local\Programs\Microsoft VS Code\bin;C:\Program Files\JetBrains\IntelliJ IDEA Community Edition 2023.2.4\bin;;C:\Program Files\JetBrains\IntelliJ IDEA 2023.2.4\bin;;C:\Users\MEAL0015\AppData\Local\Programs\Azure Data Studio\bin;C:\Users\MEAL0015\AppData\Roaming\npm;C:\Users\MEAL0015\jdk1.8.0_202\bin;C:\Users\MEAL0015\hadoop-3.3.6\bin;C:\Users\MEAL0015\.dotnet\tools
USERNAME=MEAL0015
OS=Windows_NT
PROCESSOR_IDENTIFIER=Intel64 Family 6 Model 140 Stepping 1, GenuineIntel
TMP=C:\Users\MEAL0015\AppData\Local\Temp
TEMP=C:\Users\MEAL0015\AppData\Local\Temp




Periodic native trim disabled

---------------  S Y S T E M  ---------------

OS:
 Windows 11 , 64 bit Build 26100 (10.0.26100.7309)
OS uptime: 15 days 20:04 hours
Hyper-V role detected

CPU: total 8 (initial active 8) (4 cores per cpu, 2 threads per core) family 6 model 140 stepping 1 microcode 0xbc, cx8, cmov, fxsr, ht, mmx, 3dnowpref, sse, sse2, sse3, ssse3, sse4.1, sse4.2, popcnt, lzcnt, tsc, tscinvbit, avx, avx2, aes, erms, clmul, bmi1, bmi2, adx, avx512f, avx512dq, avx512cd, avx512bw, avx512vl, sha, fma, vzeroupper, avx512_vpopcntdq, avx512_vpclmulqdq, avx512_vaes, avx512_vnni, clflush, clflushopt, clwb, avx512_vbmi2, avx512_vbmi, hv, rdtscp, rdpid, fsrm, gfni, avx512_bitalg, f16c, cet_ibt, cet_ss, avx512_ifma
Processor Information for processor 0
  Max Mhz: 1382, Current Mhz: 987, Mhz Limit: 1382
Processor Information for processor 1
  Max Mhz: 1382, Current Mhz: 987, Mhz Limit: 1382
Processor Information for processor 2
  Max Mhz: 1382, Current Mhz: 1382, Mhz Limit: 1382
Processor Information for processor 3
  Max Mhz: 1382, Current Mhz: 987, Mhz Limit: 1382
Processor Information for processor 4
  Max Mhz: 1382, Current Mhz: 987, Mhz Limit: 1382
Processor Information for processor 5
  Max Mhz: 1382, Current Mhz: 1382, Mhz Limit: 1382
Processor Information for processor 6
  Max Mhz: 1382, Current Mhz: 987, Mhz Limit: 1382
Processor Information for processor 7
  Max Mhz: 1382, Current Mhz: 1382, Mhz Limit: 1382

Memory: 4k page, system-wide physical 7930M (1593M free)
TotalPageFile size 32506M (AvailPageFile size 23M)
current process WorkingSet (physical memory assigned to process): 564M, peak: 594M
current process commit charge ("private bytes"): 750M, peak: 947M

vm_info: OpenJDK 64-Bit Server VM (21.0.10+7-LTS) for windows-amd64 JRE (21.0.10+7-LTS), built on 2026-01-20T00:00:00Z by "admin" with MS VC++ 17.12 (VS2022)

END.
